prot_id,seq,seq_len,pdb_filename,ptm,mean_plddt,emb_filename,label,source
>soil_ORF13_SRR7531807_k141_41676_flag1_multi3_len1592,EYDETNRDCATVDFFLKSLVKMKVQAQSPLESEKAGQGIAAHSKTIVAMTGAIFRALEMAITMSLKERVCFANGEDESKYAMLAQAWLKDDSINIEADAVEFDSSQGRITRAGEAMICEVFGIARWFCSWYYQQLRNNRMFRAIGLFKQAVDNKKDSGAADTLLGNIFVTALSMAYVIVWTELHMLLIKGDDNVTSGYGVSVDQLRLKELENMGLKWKLKKSPVAQFCNKFYTRKGCYPDLINRVGKLYSRFYESIDDVVKYQMAVKDQLACIKTVEDVKWAIHANNMYYPEVTCEEFGFIHDMMDHFTKRDPGVILRDCQAVTLQFIKSEQPKPCEMGLDALTLPWDVGRQALGARFFK,360,,,,1.pt,,
>aquatic_ORF15_W29-DG_k141_41137_flag1_multi53_len996,HTQKENGTLQALQDICKDKAVGVKAKTFDLETGKLKGDLDESASEGTYIFWRCFEEVIHMPPKERKKASLVVVDEPGKNRSVTKAVACVKVIFDFVNKICAVPLEKGFDSSRSGMGKSNHMWNFFKDFEQKPLRDVLFSVKNRKETMYNGTTRVEQEYEDVFAVSTDYETATDYLSHKIGKAIAYPWMVKCGIPRVLRDLVCEIAFEPRPITFTGDFGVGEKVGEKDGNPVFQIETRRGVLMGDPLTKVVLHFTNIVSRRLSWRIFQAEFLRKIFKSNLEFEKLKVYMERSGINLPRRSEESHRPA,306,,,,2.pt,,
>salt_marsh_ORF13_SRR6980496_k141_145737_flag1_multi4_len1144,VYKQNFRSIYKDQTLRLICDNYLNHLETMVSNHGVNQTIIFHKEILRFIQQSCMDQSTTFNQNIFWTKTRQGYPSFLIKGVKRPMKDLMEDFRFRQGLLTICNCYKMLKAPVSYDVSTITQVNPKSHIDRYAELIEDIAFRFKDFLKVRKVTPFKLNSAHNPIFVTPKASAQGANAIGYTSILDAIACQDSGIIDTQRECAKEVFTSDAYSLWESLITKSLSERNPSKRYSDMTGRLHFLQEGGGKTRVICIPDIWTQTVLKPIHDYLMKVLKRFPCDGTFSHPRLAKRVRKFTKTGKLNCYDLKAATDRMPVDLQTRVLEELLGKNLSTIWKTLMVDRDFNHPGGQLRYAVGQPMGMLSSWPAMAITHHAIINYCHRGFY,381,,,,3.pt,,
>wastewater_ORF22_SRR8840779_k141_91434_flag1_multi5_len1044,VEFACYRRWCSATHIGELNRLLESELNPLAFTKTGIKYSPGCSRLSGSPLTTDGNTLINAFHSYATMRRCGFDCKEAMERMGLFYGDDGVSTGEVGDRAYRAIARDLGLSVKVERSLKHGQINFLSRIFPDLWSSPSSCQDPLRTLAKLHTTVQTTLPIEDCGIAKCEAYLITDAKTPLLSDWCSAYLRNTRARIDDRVVEDVPYWVKQEDDRNNSWPQCSREFLMGTVAKCLGVTADEVAKTCEELNTFHGDVMSMPQLMVAPVAEKVTVIRSQVDAAEGIRVISDCSRENNNERRRGSTERIQCAVAVGVAGNNGAEDAGASQHHCSTSEDHTRGAHERTGEAWT,347,,,,4.pt,,
>soil_ORF46_SRR6179864_k141_26361_flag1_multi17_len3960,AGFRFPGKKKDYMVVYTDENGELKKRLRDDVLLAYIEYEKRMFDGTAPISVYKVSIKSEIIAALKMLMGKERGFNGPDLFHVIFTRRYLLPMLNIVMQNPFMFECFVGVNAMGPSWGKIKEYLTTFQYNTDGDFPKFDKDQMRSILCSYIIVLEKLARKMSWTERDIYMMKCAFHDIVYHFLIVETELLQPEKSNPSGSVITTIINSFVTSMLIRIAWYTNYDKPFSESNRLGTFGDDHINNTKNKNFTFKVIKHVLALYKLGYTTAAKDNSEPDFVNINDIYFLKRKFYTCNLKGNNEVLCPLEENSIVKMLSYTDVEKSMENLIMIRNIIDAHKQYWFYGKEMFVKRKAFLQSLMYKCDYKVKEFSGEGKRKDDEFACWEDLYQEYKSGTFQMQFI,398,,,,5.pt,,
>soil_ORF16_SRR7550489_k141_33337_flag1_multi14_len2981,MQENPAMRSKYKLDRRHFDVFNVDDHKSSVLVSFYKQLAHSLGCSVSLDIGEILNSKVNPSEFQSSGEFRDRYLLCEVLSKYPFRGLGIDRTEVALAKFAEAEAQCSLTNELVRVDTSGPFGLDWHTVIQTARAKISHLLGPFSWDLAEDHFAFGPGATTSRKRTESDAIHKIGGKPDVTQDCALLAWCAVYRVPRWWELLCGSLPSGNWSDDLKRFPPEEIFHQVPGNKVVTVPKNAKTDRVIAIEPDMNMYVQKGIGKMIRKRLLRVGVDLNDQTVNQRLAREGSTTGRLATVDFSSASDTISREIVELLVPEDWLLALKQCRSPVGTLPDGKLVQYHKFSSM,345,,,,6.pt,,
>marine_ORF1_ERR1712115_k119_291102_flag1_multi5_len1147,HHMEVSDKMHRMGFEMYKHKEFAESEWAKMDWTNEEDLKNYFATIINWDYPMQQMSDMEQAAVKAFQEMECNYPHWDEMAENGITIHEAAKEMIYTKKSQMLQEMQLGLDVDYFRLSHLSWYFYSVDGSMSTKDIMMQLWSMDYADQYDWVADMLEEKKIEVYVNDLMFIYKYLDMEPPMGFAPVSIEEETAIREQFEAELPDVAQLRAYAQQIRDFVPVEMAWNEIDLAANDMCNMHFDMLLKGHKQWNDMHISYVVEHREMTQEWVGKYNQWINTPRAEVEANFDEFQNRFDAIKESAIYECEYQYWAAPMRSGMFVDQTEECQAMLLEKYPEIQQWEADKMMENEIEMM,352,,,,7.pt,,
>soil_ORF1_SRR5258661_k141_244496_flag1_multi9_len1186,MQYMQQAVAVPLVSLVEAAVVGNSTRRNVVHGQIGFTDQMPNRLMSVNSSITREGATLDLSEASDRVSTRHVESLVSRWPLLKEALMVTRSTTAKVPGFGVVPLAKYASMGSALCFPIEAMVFLTAIYLGIEKGLNRPLTRKDVFKLRGKVRVYGDDIIVPIDTVRDVISTLELLGFKVNEHKSFWNGKFRESCGADYYDGMDVTPIRVRRLLPSSHRDAQQIVSLVELRNLFYTNGFWMTAKHLDEMIRRVTNGAYPIVESTSSILGRISVPFRPCADGWDSDRHLPVVKGYVVRTKAPSSKASGFGALMKFFLKQGEEPYADRKHLERFGRPQVVNIKLGWKTPF,347,,,,8.pt,,
>wetland_ORF10_SRR5214156_k141_18990_flag1_multi2_len1477,RMDHELMEEAVIDFEEKKTSKSSGTIEHHNIRSQRDWPVDHGFVFMKNQLCTKFEKRFVDAKAAQSIVCFQHEALCRFAPYMRYIEKKLKQCLPSRFYIHSGKSIDQLQEWVIDNDFSGICTESDYEAFDASQDHYTLAFEISLMRYMCIPESVVQDYIHIKTHLGSKLGNFSIMRFSGEASTFLFNTMSNMLFTFMKYDIPHNVSICFAGDDMCANRQLKLSNQHVDVLDKLRLKAKTDFVSTPTFCGWCLTPSGIYKKPQLVYERLCIAIEKDNLLKCIDNYAIEVSYAYLMGELAHMYMGPEELDNHYQCVRIIIRNKHLLKSGIRCLFENTI,336,,,,9.pt,,
>seawater_ORF1_SRR9108847_k141_118079_flag1_multi3_len910,EQLITRDYSRRSSDISGLGKDVGNWDDDATLKGFQGGFTATFSRRTKKTQENVQVDYYWSNSESGLESARYDVGKCISTRNSRDELERTSNLLPWYTRTLQRYMHYEEPLTDDTPITPPPTPTPRPTEGGDYGWRDLDLREACDMSTNDDIKELKKTRTRVIETNYGFLVPFYNGNAYQGRAVRLTLSKTHRIYTETEYQRETRVCCIPSRLMYRGLKVMWERMDDGTYVKHERDYKNMADEADNFNSELLDEDYPYLREYCCLNETLQTTSVTQTYRTKDKFRDRSFADNSYDVLDLAEEMG,303,,,,10.pt,,
>riverine_ORF1_SRR7687110_k141_48761_flag1_multi15_len1798,ASPGKDDAVGNDPPRLGGEETSASLAPVLRELVERFTDISLDEKHELISILSKDVDEKILNNLEHIRQTFREKEGRVFKKLVARCTLAAKPKAGESRGVFVPLDSVIDPKGNRLTIYLPEELESYADHGLIQDVLRYASDVEGVKLLRANGKLSEPDEKGMNFSMGYITELLSDQKIGKISYNKDSVYQNGRMCARVKLLLGSVDSKKTPLKYLRIPERYIGGTKQFKDSELTRSIRAYFATADQPLVMQLFTNLSSHVLNVRAARVRAKLGETLLVPHSEFLHSLKKRVSKTVSQKRGKSTTIIESIDPTKPSQLATVAPWEKEFVSEVWEDPWKQEAKLIEEYDTTPPFNRNYEDLVNRVNKIFNEQWKAKQRVLKLTKHRLDGYPNKREDPQHMKLNWIREYLTKIGTMSQVPRCAETDLDPITTFGAEKFTDSEGYTTSFENAYRSSKLMTTYPQAEKLFSDWASWKDTQVSLDDA,480,,,,11.pt,,
>wastewater_ORF6_SRR8840799_k141_380147_flag1_multi3_len1391,KRERQADAFISTGMTYDTQKNLGPYYFVNNVENLMFAFFGRQVGHLHTPEEAVVDDFKLFAEQEINHRIVGWRPDYLSWDQFIEQVEACKREAYIRGYNEFLETGKIDTTMTFFQKAGEMLYTPDGKPRCIANPSDTSKATGAWINRCYLNTIRQVFPEMAVGYNSGELAYKISTEVGMLADPVIVVWDGSQHDSHQHASLLEAVDGYFFKQTLPNLLANLEIPPILHKTIYDSIISPESKYKVQVTISKRKKVLIGGRIKGTVFSGHATRTTLGNSLRVIMYARYIIHRARIPKTAYKLYVAGDDVILAIEKKWLEAFKREFAKIYINGDQKDFNTKTRVKHGLGQVSKDFKICGNLGDFLSKNLLKTHTGILFNRKITRAIQSGNFTSKLGKHYTIGNHNQNITDQLSSWALQHPGLIGYINYRYKKLQHTPMSDTQLAKLEKVSSAKYYEERRKLFANKN,463,,,,12.pt,,
>wastewater_ORF16_ERR3463883_k99_48480_flag1_multi32_len1271,DKCLPGNSTILNEYDAVTMQIRENNLNVKDCVLDMSKSVPLPRESETTLKPVIRTAAEKPRKPGLLENLVAMIKRNFNSPELVGVVDIEDTASLVVDKFFDAYLIKEKKKPKNIPLLSRASLERWIEKQEKSTIGQLADFDFIDLPAVDQYRHMIKQQPKQRLDLSIQTEYPALQTIVYHSKKINALFGPVFSELTRQLLESIDSSRFMFYTRKTPTQIEEFFSDLDSNVPMDILELDISKYDKSQNEFHCAVEYEIWKRLGLDDFLAEVWKHGHRKTTLKDYTAGIKTCLWYQRKSGDVTTFIGNTIIIAACLSSMLPMERLIKGAFCGDDSILYFPKGTDFPDIQQGANLLWNFEAKLFRKRYGYFCGRYIIHHDRGCIVYYDPLKLISKLGAKHIKNREHLEEFRTSLCDVAGSLNNCAY,423,,,,13.pt,,
>marine_sediment_ORF17_SRR4238003_k141_7373_flag1_multi2_len1290,NLGRKLFPSLKREDLVYSRSCSTEHWDGYTGQPIVILDDFGQNHGSRTDIVEFENIVSVNDFVLPMAELSEKGQKFTSPIIILTSNCKYGSNLRTDNSTHVEEPWAVWRRITLPLLIEKGQVGEIKHVPSPQQIRMWKEKHCADRATWTSNVRWNQAFDNRDNSLRIDKLDGNVYHLIDRMIKEIDDRFNYHQRNFQDTWIQKISRKRIKCSKSSHEPLQWDIYVDDINLPCSDSDWSLDLQFPSHPPSHAPVVKAVALPEPLKVRMITAAESSTKVLQPFQKALWAFLGEQPQFCLTNGVKAPWSEHESFQDDTLPWVYRIETMIKEIQMRSDEDALWLSGDYTAATDNFPMSVTNALIEGILSQITHEPTKQWVRWECSSHEILYPKGMKGVQTSGQLMGSLLSFPLLCFLNDYIVSYSGFNKFSYL,429,,,,14.pt,,
>salt_marsh_ORF21_SRR11828805_k141_67407_flag1_multi11_len1471,MFKQNKCFKSNTYTCLSISVHMERESRDLRRLTRTEPGIRTSPCESKCERVDKLLQSLLMILRHHGAPVNVTNSFYKQCYTYLSVPSEEVFLKRAKHLMLVPMARYLRNEPPVEPDLVFVPKGHWKRWSRERLRSFRGKNTHLWYSFLQGKRGAEAVSPEIVLSNFRKHRLQMLSPDPIGETEDEYEFLDGVLDAIGPVLRRLAKQIELDLTPYFESPEYAVRHAASTKASEEASRKLGGQAGHIRGLIRYEGSILSRGDLFSMSDRSGVFLNEHRLVENPVPEVRHRMDESESLAKQIHDVTRLDSIPRYRARIEAVLEPLKVRTISKGPSLPYYIAKPVQRAIHTRMRRMEPFRLIGRPFCPTDLVDLRVAQERIGLGDDERWLSIDYSAATDGLSAALSQEILARLLSRLSVKNLGLYRLLLGVLAPHHITYPKVADVQLESVDQANGQLMGSILSFPVLCPDRKSVV,471,,,,15.pt,,
>seawater_ORF1_SRR9649834_k141_5382_flag1_multi6_len1428,DDFIAPVEAHKQFSWLAAWKTRCETLLPHIPLSWLMAYYESQQNVKDSDTEDETPYLVEESFEKLEFDIPLEKEELVQVKTKTHQVFKDEKDNYPKYHPLVPLLEGGPYVEYSYSKVGFGRHNGQLKLMMSFVSFLNQFKELPGSVLFYGAAPGYAIVALAELLGIHLHCVDDYPVATSFIATYYTFDQSRRSDFLNDVVIDGVFVDTYFPEMTTRMMYDDALSMVCRFSGVQYSIKRYVNMISSMKRLNGSRFYPLVYTRANTQEIREAGYYFGDETPGEVNGLEFALRDYAQFKRHGVGFGREFIDCTCSDCVTSDYQLVSLLMSNGILELAAPLKRLFMMVQNGTYSTRDKEMIQYLQSLTQKDITFRGDLAYSKRFVWNYGKFDDYSAFFYTRKSLVQSSAVSSGTDPGGIKRYYLPPRIAVLKYRNDTRMFAKMAVPLVRVSVSKLGMTYFAPQHLIRKVFRWDDSIITPA,476,,,,16.pt,,
>soil_ORF15_SRR5818294_k141_15683_flag1_multi5_len1295,LSFLTIGLANFGKDFEKSLDQSEVTHDLFQGWRKLPSKTGHSVIPQFLSGFMGLIFDLESGALLEEPDIDAIFSVRQLTLMYGKILLPASEARVQKAIDGYFECEQEVVRFDANRPSSLTEEFRQASSVLWGTVLQAVDEDIYYHRIIPRHGPGATADRLKGNRKFDQVEWTERLERVFSWGDFLIPSARYFQEYLPRIDFLEPGAERPVRVVTVPKTPKTPRIIAIEPTCMQYVQQGLMARFVEYIESPFVWFNSNHNVGYGVVGFTSQEPNQLLACEGSLSGDLATLDLSEASDRVSNQLVRAMLDNYPNLAEGVDACRSRKADVFGKVIRLAKFASMGSALTFPIEAMIFSTIVFMAIAKAEAKDNPELSATVDTDLVMRYRSRVRVYGDDIIVPVRFVHAVVDLLETFGLKVNSSKSFWTGKFRESC,431,,,,17.pt,,
>marine_ORF31_SRR12321283_k141_283488_flag1_multi12_len1610,TCALPISLTHREGLPVCGRLPCQKPGKSWHFCAVGVDTVEVTVYRSCVCNERAAIMSRVTAVDNADNDVWDHWWPQGRKMGMVTCPDYQKWLNHLPSRAKGLVERASSTSVLDGHGQTIKAFVKREKAVTSINHTLVKSNPAPRIIQGRSVDVKIATGPFTWAYGKRLSAVYNSDGLFMYTGGASAEEIGRFKELAVERVVAAYDGPLTKDEFRALLRWVAVDCKRWDRSVGPDPLRKLNQEYREVGAPKECLIALKGRHGKRFAVSSRGWHFTRTAQVSSGDGDTSGGNTRVHLVMLEASDDALAAMASGDDALCLVITGTEESLCDHYRKGGFTPVLAKEVDFCSSIFWPTSDGLVLGPKIGRVLGKTFYCMNRFDSGDYLPWLRGVCLSLRTTCSYVPILRVLVPRLLSLCGRGKVWRESAHEYKNWASTSHSCIEQTWDFVMDRYGLDESDIEDMENEIAQVTIGQSLEGDRWVALVQRDIVGVG,489,,,,18.pt,,
>soil_ORF16_SRR5252284_k141_17079_flag1_multi6_len2015,MFINKMTMNITDLMNIFNGSVLVEAGHQEWGYITEPWHLALPGDCNPDVPKDQELRGAVAYWRKMHIGESIFTEENEKNGLCSRELFIKANYSLLITAGCSTQHALLITFMRVAMAQLGAIALDIRERHVSVDEYSYVTPPEKNWEKVTLPLIERHREIVGWVKKFAGVIVSHIVFLFVARGHHYLPEFNEIYQKLYKSSFISDPVGFVLPVPEMLYRLSMHCFGVAPLLDAVYYMKNKNQMAAAMMIRYSPHPPIAGVAQFTTMMAAFDDMRRHSLFGKILDHVQGPLADLTELCRAIHAAPFRYHVASMVLTGQARIIPDKKYYDMFTMLAPIALGYIDYLGRKHSLAGQKAITQKYGGSDPAVDMWSRAFDEYGPPSAKDYDVNGFFAALGKDKDRDDTARRNRWLKTQVELDTALLNRKHKELEVQELEIKITGNAPTFQLPVPPKD,451,,,,19.pt,,
>sludge_ORF3_SRR12427561_k141_32378_flag1_multi16_len1607,FSHYGNMTTNVYFDKLVGMSQQFKQFGVMEVVLGPKKMSYIGRIRDIKTGQILENTFHDANQLRAFNRMTWMSIIVGGIKEFLSVLGRFHLTAVGMTAIWDIVDMATRLIISDSIGVAPTIALWHTIGWIIQGMWDTGPDDRPVNEKDKERLNHDTIEHWFTMPIINKDVTTHDVKRAFATVFGESKEEFVRHETWRLNTLADFEGWSREDREKITPEYIGAVWEQAQRQKEKSSIPFMGVAATQLYEFLMASALGYMESLGHMEMITNVAGTQVPVFQVIMPLVQAFRPDVGFKMSKAKTLEYEIKREYEMLAQEERRVNDAIKEFEYNDNYVEKRWGPGSERTRWQKLDDKKEWLDFLQRTNWKSPRYVMDSITSRYGFRMDNQKDSAEREIINIDPIVSGKIDSIIASVMFDSLLANGAPERFAWKYKNEILMEDKNAYARQMIIDLGDDLLVPDVQKDVQKKIMNDMEEYIESKADMNP,483,,,,20.pt,,
>salt_marsh_ORF22_SRR11828898_k141_61926_flag1_multi9_len1509,SSDLLGSLLIKAPIMDNMNYSGLRHTTQTLGTYEYKYRSSLHPVGRHTFAGVSRPEEITFKDIWMTEAFSQYPGEFNFSKLEGWSRSYYTSEGHLDAIYNFSDTIRFPKPTDSSMKAADEYANAYFDQLPKVLSMSFHTDLDKVPFEPTSAAGIGLQGKKGDPGNHEKAINQAYATVKNAQRRGLTYVIENSTPDMAFTRTQLTELSKGIKVRHVFGEAFQYIILEGLTASPAMDMFTENETFFFVGQDPRIYVPILIEKTIGSNPKVASFDWTAFDATAETWEIEDAFNLLDRIFTFPDEESQAAYEISKVLFIYRKIAAPNGTVYQKARGVPSGSFYTMLIDSIINWKRILYLHHRAYGFFPKSLKTQGDDSFAGVHEQFTAHDLYLAIPAKAPWIFNPFKCEVGDSGSQVPFLQRKLKWGDQSREVDKVERLAIYPEYEVNDPQISAYRARALWEDTNYESLILGFATGYLEEKYGIPKTIPKYHKHYWEILFKK,498,,,,21.pt,,
>wetland_ORF30_SRR12265902_k141_48908_flag1_multi6_len1690,VNLALEEQPLVHVVGLQEALKVRCISKGPPLLYFVLKPLQKAMWSQLQKFWNFELTGKVVTEELVNQRFGRPSWSTRYHSGDYSAATDNLHSWASEEVCAAIMDCWEKNIGHDMGPFRQLFMRSLTGHVYVDGQEQRPQLRGQLMGSITSFPVLCLINASVIRLTYELSHSTRTRLTECPMWINGDDCLTRYTNKTFPHYWRAVCTTVGFEESVGKTYDSQKFFSINSHTYRVGENGRISEIPYVNLGLVYGMTRSEESAISKGSPRSPDSMKGELYELGSRYVTLLRKSGYLADSVHKMFLYRHWRTLSLYKGPWFLPQWCCGLGLYDQEDVSEQDGLTVTALKALYAEGCRVPRFSGRKEWVHYDTVEKYLNGLSSHYPIARYNYEEAEGSANSFTFLCLLHWLAKGLETLNSSKEGVYEARYAEELWNTARKMRHEYRLPTYDVVNEPKQSCWPITLRSTR,464,,,,22.pt,,
>salt_marsh_ORF21_SRR11829260_k141_87161_flag1_multi6_len1357,PDSVRVSTKLRMEETPTVARPSLTMSTNSTLNSITSRHGSFQDYVKHPINVDEEFEMLKQNYFRKDFSLMSRRYNREQVNLNPAASMKWCVDHNSPEMVLASLKELFDMGFEMNPINSIKAHSKVEQTTRLEKAQRWFTEVYSRSIMASAYCISALFAPVMNEIKKRMKDAFKPNVVYTDGYSPQMLTAHASSFETPAYIVEDDLSKQDAATTHTIISVEFLVYAALGLDPGCLEMYKWIHHNWRWKSAGMSGICDAMRLTGQPTTSLGNTITNMVVHNRFVMRNNHNIILIYMLGDDNIMFCKTELDVSKHGTETKELYNIQSKVKQTKGVGDYLCMLAHVVNGKIEFCPNFLRLRHRYSVCNYAFMGEERKEKLHQRRLSYSLMLGNIKAAADWLKVNYPGVSCDWYDVSAAIQANCMYHGCSEEVVLANIGKLMDSMRSEPIESKAVLW,452,,,,23.pt,,
>soil_ORF89_SRR10849401_k141_161305_flag1_multi47_len3610,MTEVNAVGIGLGNAPRLEGRPMKSQQRLHHPQRDDVLLWKMIASDSAIRCRTSTTLDWKTVETRVKHEGFSFLTITLADFGKDFERCLDLGHVADDAFSGFRRRGGLPLFLGGFLRLVFHGDSGVLLDEPNADAIQEIRQLTLMYSKIELPCSDARTARAFSGYVESEKDVKLCMSEILQRDLDDFARVAETLFGKMWEALDREIESNPPIPKHGPGATADKLRGNAKYRQKTWPRRLEKEFPMELHLLPAPDKVEELAGIDILEPGSEIPVRVISVPKTLKTPRIIGVEPTAMQYAQQSLLPVILEGIRDFHLGSFLGSDDQTPNQRMALRGSLKRELATLDLSEASDRVSNQLVLLLMAKSGSMRRAVQACRSRKADVLGHGVQHLAKFASMGSALTFPMEEMVFLTIIFLGIERALNTQIDASLIHSMRRRVRVYGDDIIVPVEFVPSVIDSLELFGAKVNRRKSFW,470,,,,24.pt,,
>sediment_ORF2_SRR9938979_k141_844_flag1_multi6_len1499,MCRYRVSCATYRSGAPDHRLLRVRRKINGKPSQNCFVGFSHPLSSHFGVKPFENNLDNVVSGLKERVLYIDSLGNRRPEFTGETGSLLALARQLGKLVEPCKVSWEHFVSTRPSGKRPLYQAALEQLQLEPYKLKDIAETNIFTKFERTWWTKPQVPRIINPRDPRYHILLGSYLHGVEKRIFDALAKLIKQNVPCIAKGYTQEAKALHIRQLLTAGWKCVGLDASRFDQCIGREALTIEHQVYKTIYPHDRLLARLLDCQLDNKGRYRGRDGKVDVSMGAIRCSGDVNTSLGNCILSVLLAHQYCKERHFKHRIYCDGDDLLLFVRKETDLEDLQEWYLERGLRMKVEPPAFTLEEVEFCQSRVVWCSDRWTLVRNPAKCLTTDFTGFVQCMHKRVWEHVMYSTGS,407,,,,25.pt,,
>soil_ORF49_SRR11678561_k141_102605_flag1_multi5_len2672,VRREKVVSLLKEKILSHTSTSNFNSVLHKLEIIDSNQHGNDLITYNVLKNTFNTIINESNGQIRVKYGDRNFISVNSYSDKTKLYIDWNSFSDILKNLTETILFPNILDNLSKDDVSFNLPTSINIERFIRRLMIKPNYTIYDHLGNILLNAEQIENRSKRSYKSVTINGLVYYSVEALPPDTNLTGNDFEDDEFTFKEYLKITDPKNLINKKTKFGKCYRDINFNKFDCVLVKYNDFMAHIEVSNKFDREISSDELISFLSKFTVGHFLELQQTRIENNHSFNYDLNICNQAISSFNVTEKPIFRNVTFDQIFNNIIMGHYMHPHFWRDLCNLVLQDNFPVEQIYSKETFVNNLQLYISHINKETEDIITVANDNSIRSEYQFSIDERSSIYTLTFKKKDTKSYIEVLKLFDHKHNLSQNTKVSLESLIQLIPPSFKDYLEKNENNILSEVKTLVSNIKNVTKLLYPCAIELDVPRYIKLFFLIWSLINSHNFSLDDMTVLKFASFSTVIQTKTTGFKVLIPFEGALKNLSEFSNYRHQLFPCPLKKIMKLEDTLSDNIIESPNTNLYLCPLCGLMNDCEHNGPTFNTPAVNCRNNLCNFKFSDHDFVLKANVIIVKKALNPQGKARDGEVARPWSMIQNTDTSEVTKPVSKTYYYKEETYQHNYYITSPEPCSCTHSKFRDQCPFNILQSLDATGIDSFFFDANYGVVQCPECLAIEIINSKGLTESVTNKFKCRNGHRLAYKEYIVRSDLIIYKWGKDWQTIFEKIPNNTILNKHKINRQYDPIQSSKFVNYSYDRYYYYSTTKTTEICNHSHDDFIGDGSECRLNCEHDINVDHPSPLHLALERLPFLHTTNNTSGFDFSYWNVISEEIWYVSCIICGSIMSFMES,890,,,,26.pt,,
>rhizosphere_ORF1_SRR8100032_k141_34560_flag1_multi9_len1504,LLYWTNESVSVPSQLRDFWQNDETGGLALDCYSIDSEFNQTCSEICSDEETAGLYCSGDPTYCELFNCSAPYYCYCLSALGEYSVLVKEEESGTEYMAKSAMCSYSFAEQNLGIPSKRTASPVVTMDVVEENVYFDFSGGNLVLIFETNETRIVSSACKGKHWTQDCEGKMCLLPSWEVCVSGELASLSIYRSTSFFVMYVPCPSSVSEPCPGSEGWWNTDRYHRWSCLSTLEKALFIIGIIYLCLGIVWLLSWVWWVCIPVRWFFGAAGRAIKKMGRIRKTKAYRKAAGWSGLKMRALTNAMEEENDESTTSDIESPKMTQKTLPPIKVSSGAVDDDVLNELIAKQAAKRAARAVRPSSSALMIFFIPLMFLSFVDKGLAFQSYSTDCTQSYSVVGVQSIQCSQNLNVRTCQVVMNLEGFLVFPGSVACYDFIDGNDTAIKMFVQYVSHTTIVDTRDLYYTSSWTGLSQSNKRCDGAGYCTGNHCSKMSPTNVNAGRSEE,501,,,,27.pt,,
>soil_ORF119_S40-WH_k141_80588_flag1_multi35_len5596,MLALQLMTFVTDVVLGMLQSSGPWSFFLYATYRCYTGAGDYRVWCAMMVCSLLWLAAECSGKGLFSLSRLTAAAVKNVRKKPVMDALVMLLDPRAVAHVTVCLHRRAPEVEELAASPIKLVEALGHVKCPYCWTAALLMRYGDKACKYIAVMEKKAEFACTVDKRCAEHVGCMFAEDGSGYDTAVLAFHLRNIDLLEQRNTAAPKSLAGGWSYCDGKPESPGCEPDIILETREQKYDRTVDEIKHRLADVYAELGVAQYSSEGWGDMMEIYDLEQEEKALMQELEDAEERSRGGGKRGGSPEAVRDWFIRVEQRAATLVAETDAVAAKYYALMADSFQASVKAAQAESLREFLATVLAEQKAEYSVLMAEEREDAKHLGELGKALSLTAGLSNTFPARPPHALVLGPEGVVPKPQGAEQQVLLNEADNGWVLVPKSEMPYRLAEIAAASKVTIDWHDQMADKLMQQMQEAPVSAGGSKRARKRRANAVESKTPRPESQMARSVKFDSEALPVALVVSCSDGFTRGAAVHPIPHLNSVLLVTHRHRYSVDRWVDSVYQLEEELRVYCLGDRKAKEAFRPAKVWAVVADADRDIQLVWATMRVDGLVKREVWKPDPATAVGTPTFHWTATLTLDGPKWEFAVGTVKCIKGDAAYYDHTTQEGDCGFPVFTSLGAIVAIHVSGDQVYSGNLAANSGLRYTVPSLPKTGTYKVTPVTCSPFVARQGRVTAPGVLKRVLVEADKQMVEEFKFWPRRTDKDSLGMFWKLFMSKNGTYQNHLEVSKFADSVECTTDEKMLLEAFIAATAFDCTDMIETPFVPPTREKILQLLTPSDGEDGPVLRKPMDLQKSAGYTARRASAKDYLVTLGSGDIERGKQVLADRVLALYDTILARGKDGNLQLAMDCAKWSVMGKKDGHSAKKLPFTGNYGTGRTIQAPCLELKVLWLVCFGENDRSWVARTECPTNQKRNPSPWVHAGYDGDLPCTWKEVEVLSHSHGAIACDMTGFDRYMSKSMINHFFRIYMQYVCPGVPEELLVYLSLVTHSGVLVMSDGTHYHRSRGNPSGFMNTLRLNCVVHLACTAYAVMRRTGISDVGEVVKYMLDNFHLQICGDDSRHFATTLAGADCLDLANGGAGWLRIWEEELPWHTKVEGIALFQEHHTKEQRAFMAPPMVSRRFVWMHGVLWEPLYNHSRALKKLMCCEVRSGAEEEELVRSAWTTLALPLFWHMNGWAYSPPLDMLTREFTNYQAEAYERVCKLMRYGARQRPPVLAPVVRVWDA,1273,,,,28.pt,,
>lake_water_ORF20_SRR5834026_k141_61667_flag1_multi5_len4174,IATWALDYGESGTLMNALELLHGDTPLKPPSELSTADMPPGLPVIMTLANYLSRVYPSLFPSNTLTAQTWLQYITQQWVPYCRPNTRKMSSALSMSPHSIVEACLSGLWYPSTTGLPPPKLYARTPLPVLRKASMIQMPAGCKGVVYTPVVHNQYPGGPLSIQMVEDTREEKFDEDTSEYVMTPRSIIFEGSSSMQSAALALFGSNYEKGDPVSDYRFPASNNKYTDIPPSTPLLNTIVSIIARNPRATTTAQAALALWRSAHTLMSTYMTTSGTLPGQAARLAVVMAQSAKSQLAIDQNLGTALFPKSYLIDTFKHFPIGLDPISIDPDTEIGMRGDKVIRARDISIDFRKRDDNGNLNNLYFIEAEAAVKGSRIFDVKSRAGTGTAYLTLRSKGESLESDLFNGSCFLSALETMPVETLRKALGGGGEFAFVRFAELINKMEVYPLETTATTAGVPPPGPITKTRTISAMVSWVNLVASMLLRYIHQRIYLPTQHSDSRVILGFSPYNGGTDQFMNYLLGIPAGKPHLLCMSDNLFYVHKHDNGKVTYASLDGVKFESSIKALHIRTYLQYRAVQFFRARSETDTGNITRGMYLFLTEVMPVIGSQSVGVIFGSQVPTTYMPSGIAGTSYFNSYGMAVGITSYEAKGSPLLFLDSGEPNPAFFKCFSDVGIELTLESTIMDLGAELEASTPSNPVRTDLLGVSACKYSYEFLGGRRFSCYLGLLDPDRLNRALLFPSSPLGADETDDTTDKFLANQVPNTDLSKADRAEVRAVALYYQLTRTFQLMLAGAIFNPGLASVLSIYANKLITQMDSRYPITRGAISVANTLASDAELEALDSGDLIISPAAAAMLLAGGSMPSFMTCLLLHMPDRTIAREIVSDMATRHTPIGLLLNARQLTRELPNDLTVQIFARSVSGLSEAEVSNRVNNYIIALQEAIAAETPSGATPTAATEEEARYVAAMTAFGRISVSDPTIKEVVTPSYDVDPTSIDFSWSSSVEPFTEQSGDVSTAPFQPAKPGTTKDEIFSFIETGTSPVTAPKPVRNEQLAPTTPKGPLKPAPGLLPDTTGRVPTLLLSRLADSNITFREPINVYIALVSAMAVRAEGSDYPSTIFRALPQLGQLSPTRNRPVNVITFESYTSGMVDIGGLKISLNYTDRADDFSWTAATALRGLSRIVPPTLSMRSVLVALALYQKSFIVYGVVKDKEVRVISAFDLAFVATPATARPALLALAKVAWKGENAMVYTKQSDLTQVGFYTQHAYTETVIPKLRALRAQGKMEVVRSYMEIVQNRTSVMVPEDSGAEMPYALKTLRPEVAVEMNNRYGRGDAPVKSRMSIALLAQLPKASFDFLGYTAHLTQDAAVVGDVLNVRFSDVAV,1378,,,,29.pt,,
>wastewater_ORF45_ERR3463864_k119_2882_flag1_multi50_len1949,ILTGAQIILKVGSSPTCSAFTSFKERSKSRRMKILQLQGSIAARLRIIGVPHHLINPVSGLISKWVSCSGKEWTVERLKGLKTDLIRHRAGLSIQTPWVAKSKKGEFKGAIGSLFRWANQSTAAFNKAVQVFMAYSLFTHEKVSKVQIEKFVSAIGDTELSLPDSFYNDFGHCIRKNFPRLSIDRGKDVSLLLFRGSGSKRKPGFSWESSSPQDVGVIGQANYFYLQEHKALGRRFSGLYKPVLDGLDNHLEMIFDHPTDEVIPERVYGGNIAFIQEPGLKLRSVASPYLVHQLALQHFGGTLYRFVQSLPWDCTHDQSKPFDVIKGHLARGESAFSFDLSSATDRFPLTVQLCALRSLMGKQPDIDLFEVLSRSTWRSPIGNLKWCKGQPLGLYPSFAVFTLTHGLLLYHLNGGFNNDFFVVGDDVVILNERLAHKYVYALEQMGCPWSEHKSIESSELAEFAGKLISASEVVPQMKWRKMSDDNFLDICRLLGPRSRTLLSARQRAVFDKVKNCLAPLGLNFSTPGSNFNSMLELTMETFPESDAVIPSLMGLTSVVNRNVYTSEFKNPALLVNWQVVLGKLETFDEKVKLVLQEILGWGITPQPIGGFSGVPSGVGSDQLPKSSPPVSRVSTLERYEALLRIS,646,,,,30.pt,,
>peat_ORF64_SRR7004413_k141_36512_flag1_multi12_len4584,EGATSKVLTPLGVRLFQSDWEKRTASWGVDFLVALASDPNDCDISAACISFAGGDVPPQLEPLVKCRFSFGTYEWVMLGDWLVYPLLFLNGIREVLADWRDALWNENVHSGKLLWESLYRNLVLLESSSQKSLKGSVKLQKAWCAWAGARGLDQTEFPADFKQILTGRLKRLVCSLLSCHRSAAWRAQLGWSLSQVKRACAALPAELISEKLADHAKILSSGPKALSDEFLGEIESIVDELLQGFSFNFDDLYDYHRVSMPSSSASLHSKASGGGAFSYLYDLSHSLEEEGVQEDVFVGMDEMASSVYSHPSVMYPVFKEIEAYASLFSKGTGADWMVQGILEPLKLRVITKGPESPQWLAKGLQVKLHSYLRTLPMFTYIGMPVDVGVLANQLSQAYSPHWVNRGDGRPLSTDFGHGLGWVSGDYSAATDKLNIAVTLAIFERVLAKYKPYSRYQTSGFVPRCNRTDYIRNQFYLDVGLDPFSDIVPAEDAQVPDTLLYKVPNAFRSLLSRGHLVYEGSQCPSPADCVSHGLPVPTGKPLMISVPQRNGQLMGSILSFPLLCLANFACLIMAFRRMSYDSFGVHPCSKAAFVSRLWNGMAQINGDDILFPVCNEEQYRRWSSFIPTFGFEKSLGKNYFHSSFFTINTELYRISQTSVDRVSDMVENKLRGIYGGIQLTKIEYFASGLLIGQHKVTGRNEARTLPMNTVLDLVLSSAHNPPRAYARFLMYNTDWVRRCTKDGLINIGLPILAGGLGVDLSSYGICNHITRLQKAVMRESMNMIKNNEISPSRLADLTSAPVKSRTGARQFQWTKHPSGVFVVQPKDVPLSSSWTPVRRPQLVRCVSALYAPVDPPDSESEADRVTGSKLFFTIKRRRMHVAPMSLKDFQSYDVLVHIGDELIGSDDQETKTVVPADVGDLNISVPRRQLFYRPVNFVHGRVNDFFGVSRDCTVSGPFRSFNFTWGGIFTFRSQLSKFTGQRQWDPTSS,988,,,,31.pt,,
>act_sludge_ORF1_SRR10522297_k99_247382_flag1_multi32_len5820,QCKAIIEKKEATLKKVEELKQEAQKIENKLKMETSPSKIQKLKEEAQKVKTDVKNMVTEAKKMTEELKKKKEIIKKATKALNVIKKELEKEKLKDLVKGECTSYAVRPHRKYCIKRSTANVCTEWRSIYRKETCMVYDGAKCVQKAYNYDKDTSRYECVSRDHKYKVERCTNFSNDGKCTAKKTFYGVHKCMEYATNGDKIVCTSKKTYFPEYACKKKVGEVCTEVAYHRPRFYCQYYKINKQGHRYCSKMDVYFGEQNYEFICIKKGTVVDEKTGLNREVGCLEYAKKLVPGAEKLQKMGKTWLKENCKALTEDPLKKVTDVKTSTQKAGTETQENKKSNVSKQQLIKDEQAKKIIANVKAEIKDKLRAVRQSNKIINANKKYAEKQVVTAEKLKEKVNTIEKAAEEIVGKQKFIIAQEKLKKETQDPTAQKEIERKIVEAKKEIAEAQKTITKAKEDMKKMTEEAQKKYGVLGAKKVTAPVSQFAEAQKVVTECNEKIVAAQKKIEDLKAELAKTTDAKKQAEIKAQIKMEEGKVVELTLKKMDNTTDSAIVAQKAQAIIAAQTELIKLADQKIADAKKKIAEYQNAIATATDKEAIAKKIAEEQAKINQLAEEKKAAQKVIMGTNKVLIKKLPVEESKRKADEIVKPIEAKITALNKQVEDAKKDIEAKKAELAKVNQLTGKEATDPKTVAKKAELTEAIAKKEAEVKKAENEIAAKKAAIVSVKEAVTARVAAHEEEQKQLKAAQDVTKTYVNPTLTEAKAADVINATQKKIAADNKVVQNAGTEIKKINREISQDAKAVKKTEEKIMEMKGMIMQIQTEKVMEKVLVEKGTKKLVKVKVQDARVEIKKIRRKIKKMVQKVKTIKQKIYVEKKVRRKYKKEMKKAVEDITKQYKKMWKVEPAKVVKVQVLELNKKLKQENYTAEEYIKAKTAVIEKYRKWIKNTEEILKNEGDKLHKVQIVKYKYNIEKLTKRIVYLEKRIIRIRKRIQERKEQMMKAKLIAIKKEEDPRVVQKEIMKINKRLRKKIYKDLDYIKEKKPILKKYQQWVEKIEKRMKTEKIPVTELKPIQENLTKLKERIATIKKNIREARRRIRERKTRILKNKFIIIGVYSKGTKGRYVSKKVLVQLLELRIRRLNKKVIGQRRILHRYRVRIERCKTEKCKQDLREKEAIINKKLVTYRVKIREAKKVREQMIRIISTLKATRLVRKYYKHHMTCNAKENWRAFNTVRAQRLKIIKRAGDNIVRVRKTKLAGRKSMIVTWESLIKREVSAIRTDRIRVKKILRSCRRMKFLKDRAQFFKKFLTEDAKKNCNKSTIGKATKKVVEMRTEVIAEIKRKIATDLEKLKTNITTEERAAIIELIKKYRAALRRQIRNIKRDRVRIIGLVKACQTIKKHSFKIVKKQDGLTCNPLALRNRVHNIVNDVYIVIRSAKAKLRSQERALKNATDEKMKNDILRSIRKLRVIIIRNIRKVKKDKKNLNKIMSVCRKYGYLVKTHVIVRRYMKENHRVIVWKEKYNVAKKELVELRKKDKTYKKLIKKDDVKATCTEKKLNKEAKHIIDVRKKIIKEAEERIKEDLKKLNGKKTIVVKKPVVRIQKKIEAKKTVEKAKETIKEAKKTIDDAKKTVKKAEETVKKAENTHKKAEKTIKSAEKVIKTTKKIINTLKPDSPEKPALVVKVTEAKKTIKKAEVTAKKAETTITEAKKTVEEGKKVIKKAKKVIKQQKKITVIVTKTVEGPKPKEEVKQLEAIKIKKIIKKAKKTIQKANNTAQKIQKTVKKAEVNYNKAKKTIKEAKKVINTTKKVIQTLKTDSPKKPELVKVVKKEEKIIKKAKETVKEAKKTIEEAKKIDKKTKDAIKEAKKVIKAKKVVLKVIEPKKKVTVEVTVKKTIKTEKKVIKKAEKEIKKAKKTVKKAKETVKNAKEEIKTAKKVIENAK,1940,,,,32.pt,,
>peat_ORF46_SRR10854863_k141_183631_flag1_multi22_len3428,YTITIFETSDIHLNYWTVIMWVLAVMTTGSVPDYKLVGPVVAHTVSVASGKPEPGEFLYGFVAVYSMWPMLEVANIQAAAQKYTTMTRYATIQMSTLLGRARPPISYRSEVFVSPCLWFLPSGVRLPETSMGTCRVFTHIDTSVKKAACTPIVTAASPSPTLVEYLVKHCPVMLPLTLLEMSQLWFLWAGKEVTMTDVAEVKPAEFTETVTINVRSIGALMERAVTMNIKPEVYKKHTEFELRSLMSQDVPKGAVIKVRSSAMDAIFGGVMPKVTTHTTQTYASTASTAGAGSLATIATFSAPTDDDWGDVAEGTHAVKHNGDDMTSIVPKRMSDFSDAMASPIFREPRTPSMLSESTRALGRMILMDFMNGNNTVVKTPDGASSAVLSKEVRDAIDPKIINLWKEVVLAPILSKMSMFQKVVSKIFMQYTGGDMSMPKDRQKDLTRCIQYALIESACADGLVSLPVDMEWPPNVINPAMSMATRSALISTVRVAPSFFATIIAHYTLRANTTTHDIGSWARPIVVDLMMPKSWMFVMERAIPFAKDDLGGPMPHVQKWLVEKAGYEEGSYGQQLVAEFTTPRPAARHEGVVSPMVMLIECPHTELSEPRAAALFQTIFVANWARLIKDEDHILWNMALTKDPARLSGKKRMTNVEVLDGKAGTFYKSMCMSPDIKE,677,,,,33.pt,,
>rhizosphere_ORF2_SRR7142026_k141_405703_flag1_multi104_len3162,LPIYFSMEEKSKKLKTKKVKRVESEQPVNVDRLISEERVEITEKVKDDKVKETDKIIIHKEDVGEFNQKDIQMGDEYVGKQKLPGIKIMTKIINDEVNSDRTSIKFGRTDGKLSDFSIVQFPIGELEMTLFPIKFGTKDDIPIFVGYERIDDRRYKMFRKYPFKFDYSDFINYESAIAAFINMMFNIAEAYDFVMIDGGRSVKNQYSLLNNSVVLPNLTLSVEENNAPIDFVSNLIVDDRFQYVSQEQIYRHYLLPSSLKKDEINNIRIKQPFTMDSLSMLMFKTFYRDLTDTSKLPKMYKYGLYDLSYMNNWLRANSSMNIWLQDRSTEDDVDYVHSRSYVYSIIDVNPEFKQFLTDYRCNYLYINEKFSKVFMKPLIDAIKVSFLEENVYRTYLGSTNVGISSLRKTLPSLMIGSYIPSKAPNFLNAIYSILADPEVAFECESSESRLDPVWLLDKICFMVIFKPQVCTRSYAGSLFKEVCRIILAANSIVVPITITNYGLYALVSNYLPVAFQNVLVQWLNWVNGVSRYDAIYSNVDGAPGSQIGDGMTYWGKAAFQPFRILPINEGDDAILVALTDSINFPAQRSTIYNDWSDTYKAFLGIVLSVNATGFLKSYYYITKIITDLCARTIYVNRVPIESKSKVVNIQSGVVLSFLAGVNLDTMVSVNYDVSACEIYVQNEMFWFSKACMVYKCIKDFDEFVYNFFGIRSNVVSQYYLKRHVHKYKVFEFLPNCMLKNIIASTDGSNRMISNLDVPSVPGGVQRGYFEAIEKLFINDFTPNSDSLWCVHRRAYDYLYNIGNLVNFGISDHLIFGKGVINSYINSQFRIREVRKKEVVNCIIDYKREIQSFGGVAMKTTLNAVDDVRGNIKVFIPTFVDMKRVTQFSEVDSGFNNNTDVYDWLTKRKEVISIEDSKLTIAHVVIEYNTLSDYKYDDKFVYFCKGNIAYANGSFFITENYDDTRDILFSEIIEVDVMIDKPVNQSGEIFSFMPSTLPNLLKFWSTYL,1007,,,,34.pt,,
>soil_ORF1_SRR11622450_k141_583_flag1_multi8_len1550,MMSKKQPRVVCSKDKPAHGGRCKPPDADYESNIVRENVTAILSILEMSGYDLNGYNSEPTIKHHRRCVELMDGEWMAFYKYKLAAFYAHAEGVEMPNQPEKLKEVDTPEILFGGRLLEKFQLDLKRNPERARSIAYSILQSKGGMFRPGEKEKSKVGRETFQALTTERIQKTYRLNGIQLVNWEEQEDMDFEIETVLNRQTAEKQLRRITREIFQGKTFGIEDIIEPTFPSTKANYNKSRSGGGVVGAIFEHPEILQGLKTDEDLVKISLRTLGGEPILEVHDEQLIDRCLVLFERSLKIALEEERTNNVELVTLSEALKVRVISKHPPMTQFCLKYFQKWAHRILRNHPTCLLIGEEISAEILKTQIGNLREGEKFCSGDYKSATNEIYSWVSEVIADELCKTVEFPEGFRELFLRSLTGHMIDDPDGGPSKPQKNGQLMGAVISFIFLCIANITICTWAREISVGRNLTAATAKISINGDDNLSRLNQRGYHAWKEICSYFGLKSSV,509,,,,35.pt,,
>seawater_ORF37_SRR9024356_k141_193877_flag1_multi13_len2036,LYVIHHWAHRQLDQKDQKTSLTLSRQRSAARPSGFCMRCIQKTRLVISSFMHLPWRCAACLLPECCLDPLEKTMKSLTLNGISDALWWLGDNERPRGAQLQTAFGLPYVRKSVSLCVACCRSQHAPSNSDAKRPDNAVDTAMAFRREDENKSIAVRSGAVHVYTPRELRSWWMPTRSVRLVDWPAPNNRLPSQERWYQNLDGTITDVSEDGSVRGKTTEGEDFEFTNRPAAQPALFSFLLFKVVVPLMILSPMIFCGTLTALHSFAAPPVTTADMSGLWVRLMHETFRCLTPPFPLEFPKLFLLFDLNNFLMDWGKLVAFLNGLIPMLATAMQSFSQLLSEIQITIDPLYFLDGSRALLSFNMFLAVAKPFIALLSSTLAFAMRLFSCYHEQQRHGPYRFADIAKQLNPDTQGVFIRSSFLSSPFRLLALSLSWVRDSRDAILRDVMEHVQDERTAHVERIRKLKQDLIQTRANRDELAHLNSHVMPEGEKRIAKLRTEVRECQRRVSAAENAVDMAKQTADRKDREVLNYQPPGMVQAVAQAVMGGNIDRTNELKRQAKAAQETLEAKRRELSELQRTYRELNDALRKAESMFDQANDKRQELELQLGKDSKNVARALTFVAPCKHEPKRTAGHHGRPQMKARV,645,,,,36.pt,,
>marine_ORF37_SRR5515315_k141_130212_flag1_multi4_len1919,EEAARGNEEYSDFPEPSGLQSVVDLGGADQLGSRATATLGDRDEKEKKHNHPEVIIPSSMSLPRLGEAAPDTVKNCARVLEKWIHLNGNKKERDVDDMKRTAPSKAATAQGKETPNTLSKTGKKGATAKIEASTQGIGDVRYCHSFRSQEEVAAKKEASRRQFLMQTCRNDTSAESAESAHLLDLPCNRPKGKRVNKWLRCPVSREEKKYGRPALQCGDRKKRKGMPVDIAYLSWLRAPTPKTATKARRKKGKGKLGDVLDLSRGKANREKVKRKKKTNSMKKADSKGNKKIKQKNFKCQAYPLNCTKMAMKVASDLGIGIRQRLGSFMRAVKGTSFKKMREKMRTFEKALASNERVCMYPACGCEMCVAPGTQQHCYDCGGAAANHWDAVVSNLYNSGPCRETVAIPSSTYAKAKTDLANAQRKWGTKQKELEKLQDQVFAKIQKNDMTVEASFTEMVDKMESALTPLMATYKTFHQQPKSYCSSCHEQCGDYLQVLRFNKHKPEEASGRCLHAADQTTMKDPGCNGICVTPDGRPADPQESSDVACSMVCRYSGSAQVQNPSKELIAIGVKPGNTVQIFCDMAKRVTCSGISAAAQQKCRAEGSSACPQKRCAVKKTAKCVKMCKLMPTWKEMWGTG,639,,,,37.pt,,
>lake_water_ORF9_SRR5834496_k141_108519_flag1_multi192_len3951,MFTGQRLYLVIRETSIKGRFPIARISMPTMKSGEVEHQFYLGLIECLLDDFAVTAHQKKWLRRDIKEMRTRMATRGLPSLISDLASLGKAVLSGLELGVFSRPPGFTARRKSVLPAFLQGVLTLIFRDDGVVHQEPDPYALQECMMVCGLLYKLELPPTPSQEQAVVDAFVSTEAELQSLELPTDFDRWAGNPTDKISREILVRASSLIHDVMTGFDPADITPKHGPGAVATGEYHNEKYTFARKYDSLHQCYPYYKYFAAPILDSQDPFIKGRVAPESILWIKDLPAVPYGVAKVILVPKDARGPRLISSEPLEFQWIQGGLGDKFKTHVENTYPSRGYVNFTSQDINRHLAMQSSITREHATLDLKEASDRVSVDLVRALFPERIHRYLMSSRSDATTLPCGDVIALNKFAPMGSAMCFPVLALTVWALTEAILSVTFCGLQERTFTCAQKPSRARRAYWTSKVFVYGDDLIVPNDAFDTVSSWLPRFGLAVNTNKSFHRSFFRESCGMDAFKGVQVSPIRVKKRWTSSSSNGSQFASYTALSNRFFNAGCWKTSNYLLQHIERLFGPLPYGVASSGYPCIVLDSIADAHTANEQKGIKRRWRTKYQRVEFFVNRTSDKTEVSPFADAFAHAVRALARPVQPIKPGRALSRWDSFENEWDNPLEVVVPRSTVIKRGWQPV,682,,,,38.pt,,
>riverine_ORF56_SRR7687300_k141_113010_flag1_multi11_len4441,EKTAHICKKELASPLLGVNFMVTILDTVAMFIQRALMFQKTGKWESFIHGPQSFAKWFDACLKVKREFQFRGDLEAQGTSYHQFVGDLKQCVDEGKAILKFGNKTSGMEIMGIKKLLNEMLMMQAELSTFREAQKSRRPPFGLLVYGKTCVGKSTFTSMLYQFAGKFWDLPTTDEYRYTRNTCDDFWSGWDSMKWFLLLDDIAFGDPNSKVVDNSLTEVIQIMNDVPLVPNQASLEDKGRNPLRAKMVVATTNTRHLNAHAYFACPIAVQRRFPFVLVVSPKGCYARDDDPEMIDPSKLPPILDSWPNFWNIRVERVVASSDSQATYEEVRTFAETDRFFEWLGDAMRQFESIQARAGAGILAMQDFKLCRVCYQLEHKCVCGLVRDYGLQTREYQISQGHTIGEKFSRIVEADGQTWFYEFEPHSDGEHNYIMKTTVSRDDVVLRRSVAPVMVVQNAKVVVQSSDADMADVLGEILRIQGRRNTGRCMRAIHWFADMYLRAYVRSQLVRRITGSVMEWSLPRKALLYGFRWYTSERSEYYTWLADAFQSCYMNRRWKAVVGGLVAATAMITTYGLYRSVTAKKIPEVQGLRQSVADEHFEKTERLNVWKRDDYQTSTIDRSEMSASFASLTHDQIVKVIERNTARIKVSNGVKAREGNTFSPCGHLWMTNNHTLFTEDDLEITLSVMPHVQGASSNVVFKLRQVDILRIPERDLAFFEVHSWETKRDLRKLIRAPTLRGAYTATYVTRTKGIDTKIRRVKCTVQDNKEVPELNTTLSTWTGWTDEATVVGDCGSPLFVHQPVTAIVGIHTLGNIHGSVWATEIDTEVVETALAHFDMPVVQCSAPVIGAESRPKLLVDLRQKSPLRWLEDGSLNVYGSYSASMITSRSKVRPTLLGPQILQERGWNVDFAAPQLRDYRPWRHALVDSTQKKYGSLSGSTMKAIAQAYTDDVLDALPPGALEMLEPLSDKATINGIPGVRFIDKMNFKSSMGEPYNKTKKAFLTGVEGDMRFREEVVARIERIKDAYAKGQRACPVFSGKLKDEPRATKKVAEGKVRVFTAAPADWSFVVRQFLLPVVKLMQENPFVFEASPGCTVQSLEWQSYYKFLTHFGFDRMVAGDYGKFDKKMEALIILLSFRVLRNLCERAGWEVDQLGVVDCIAEDTAYAFVNFDGDLVEFFGSNPSGHPLTVIINCIANALYMRYAFVELCPFEGTVYAKARRFKEFVRLLTYGDDNTMGVSRDADWFNHTAIQTAMANIGVEYTMADKESHSRPFIHIKEISYLKRSWRWDEDVGAVVAPLDEASIHKMLTICNPSGDESPELHMASVMSSALNEWFWHGKTKFESEREWLWTLAKEHCLTMELEFKGFPTWHQLKERFWSASKGVEGAEIGCEDEHPRSVLPN,1403,,,,39.pt,,
>wetland_ORF18_SRR5864100_k141_17717_flag1_multi6_len1537,WFLARRRRTVKVRPEERYFHRARDWIRYVLRDTPPLAAIYDKCDFTSGAGIGVHGDMTNLARKLLAESWTVGAAARPIFAAALSAHFQYARRTGAYRGEGRQCLQVTENDLDICCTTVNYNKVGFVPKTAKTHRVIAVEPLGNNYLQKGIDLAMRDRLRRVGLDLRWQSPNQQMAYKGSLDDSEDGFSTIDLSSASDSISTELCRELLPPDWFYFLNRVRSPAYVISELGVEEPRRYEKFVTMGNGFCFPLQTLLFASLVHAVDPTAKPGSDFRVFGDDIIVRQKIAREVIRLLAKVGFRTNVRKTFVSGPFRESCGSNWYKGEDVTPMTLDRKLDSLENLFKFINLGRRNELTRLFLEDAVTDVISEIPDKFLFYRPFKGRPETGIDPLGLEFTPRWTRNSALQCPEWLELHTKPVQDREIIPIKRVKGMVVVPDLHGWVVVAAVLRGNPSDSPFVLRRTVSTRVRRVARSSPETDESQVGPRLITGVDLLTNQPFVRVG,501,,,,40.pt,,
>riverine_ORF47_SRR7963565_k141_49790_flag1_multi99_len2620,RVLFRSVATNLLDSRAKVRNRYSRNNHMIGKYLTRYYSIKKIENKIYYDIPEISDIQEEITVDFNTAQRNLIERIAASSSLTYIPGRGKMLVREPRFTTYKNELRNPIEESANVYWITMQGANTAYIWNVATKCKDLVNTEYSALVWKYDLQRLPGGDKPSRDVIVKYDHWKAGNYTLPEKEFPSLQILCMRKLMSSNLAYGGTSEYPYVHNGAYVAPAVVNVQITKLLKPHISFNCAFDYNHAYQAIKYYYKYCVRPKKQSFTITMSDFKHFKYASSSKAGFYFIKDAKVYEDRDIIVRYTKSPTREQSKHLEMRNMAKVMRVALRNAMNGQIPIEKPLFPGVTTARVKDQFINLYAEEGADPSDYSKKGRVFFNPKDLQINRLFKMRHNERTYYPSDFPSPRGKPGIYINMRNDIGQKWIKGGAHLKYLSLRGDRGDVYERMLVSVGGDHRITYKWKKSGTQLFGEFDVSSFDLSILAPMLMSYFHCAKYWVLEEDTWEYRFFLYMLEYAAEALTSNVVQYFRDFLLVVGMMPSGSSETSHGDTWIMLIFFLLTFIFFVISKVDKDRRKQVIAALYDVLIVALAYGDDCNYSYPRALADIIGVHALAEFCSSMYGAKLRNVNEHTSLITYMTYSEKLGCVGYVYKGPIYLKRYYVWDHNFRQYGIAQVLPWRTTEAYRWRIAMPKNPSGSLLESVPRLIGLVYDTIGVDEYQYNLVKDMYTLVMDRLKQQYSIEFLYKEISEGLKKDDKYFRKIGLNTIDAYFPTFNELNRLNRIDWEYHKPLPHRTWQQWINDDAWW,800,,,,41.pt,,
>sediment_ORF61_SRR11647877_k141_72611_flag1_multi17_len2963,MIMSEQNVVEHSRVVKETLERKLRYYFSSCFKRNDQVVASVSDTLRNTLRSVELPSFKETRNHSHGKAASIRSQTADWMFDLVRHAGLKACSYQGSNSDIRKGVPMTRDFRFPKDLSVEPTDITPLKWADVILLVDVDYYLDMPAFLATYPNKSLLLYTLTPEEVACDGVDNTTFTIDANSEVTCTVSGGARYKHKIWDYGADNLCITKTFCGITTSICTYLVERVSVAKHRSVILLTPISYVTGFAALTATCMLDEGHALVRMNYTVQYCCLDDNKTKTVFLALQTYDCKDKDDGGAGNMTSVGLPGQLAHATVDSTTIESLCQVAMMGAKYSLSSNSIQTYFPKPTSDEEKVMNKIKGNTLALFVKHKVSGGISPAYVPVGLGVRSYNYDIKRLTDAKPSLVAYMQPLIHNSFSPDRNAASERRAIAGRISAFQRPDENGSVRRSVPHDSMIWRWFLDFVDELFLWDADFRLLPWTNEEVETHFMTGNSSSARRSVERLNQSGPFVEHRTRNFIKAESYSGVKDPRIITEMDDKHKVRWAAYTLALSTWCKQFTWYGPGKKPKEIAARVVEVATGADYVNQSDFHRMDGTISTFFRAMEPALYRRAFPKIYHNEIGKLYRKTFDAKGTFPEGTFVEQGTAQCSGNVDTSFIQTIRTAFTAYCGFRHTVNPQGTGRHYNSAEAFQSLGAHFGDDGVDANLPIASYKWAADKLGLVLEASIVEWGDRGLNFLSRVYSPEVWSGCVDSMCDLKRQLSKFHTTGRLPESITPAQKLVEKSRGFFLTDRNTPIIGDFVTAVDKVSNLGDVSDQLGVNSWWSRYEECDQWPNAYGDWMADEFKRSIPEFNEDDFSRWLCFCVDTGLLESFLESPLFHPIEEARSEHPVIVDDELLEPEATPDIIPPPVPTGEQSFLLTPSEAPKESKKAKIKTCDQSRRRTGERRPRLADRGRRAPMLFSVLE,959,,,,42.pt,,
>rhizosphere_ORF42_SRR5413246_k141_157258_flag1_multi1059_len4815,MTYMLIFINNVFHVNSSLSYSPYLLNQGLVRPRFFSDTTRDEEVYEVGGQGITISDVRGINPLDRTIAHWALLVDWDLHRQRPYVIVDPYDPEGLLYLSRSEYLAQVKVCASNDMLVLVVARPGSKAQTPASSKIPPLNKTAEEDERFDSRVYFSKRGNRLTWREFLKLRAFVARNVKTEDGMVTASSSTMARITLMWSRQLLHYVGVSTPERRLQGMEPFAKLLANVVASNGIGFCSKRLKVALFAVYSYLSGNPLQSTDALGHRIRLSHGLPTMIPATYRNLIRENNLDWIRVWISVLNIYRSFQVETPDPETAYVTIRKPHPDLSREPLFERWQYFCKEIFPQILATQTKAGKVPLYRYTSNMGLIVRSAAVNLRGTSSLLGLNLDAKAWASQSENLPMKWFQLHGDTSLSLFMEKISTENHWGKMVNEDYPLDQPQTSISCSNAELRERIESDYWKTPEGTDKTRLTKCQASAGAAGSLVGHAFDARKLAWESKSWAPQDLLTGRLFNFDAPGGKLRTVAICDYWSQVAMKSVHDHLFQILKELHLNDATFDQNGFVDRYHAMGYKPHWSFDLSAATDSIPLGLYVECLTPFLRQEGETYDDARNRAELWSKIMTCREFGVPEPKKGQIGYTGSRKYPRIQYNTGQPMGAYSSWASMALVHHAMVQFASWINEMPGVTEGKGPRQNKAEWFESYGVLGDDVDIAKCETTANNYQVACAAFGIKIGLAKSLRSKGNFFEFANQRFAEEGNISPLSFMEELTSSTSWNRRVEYANRITTRFGRTSNELNLVRLVCTARQWTLLIPELTGYRPKVNMRLLKFILLNPLKSAWHSTSVINIEAIKEWIGNLKEVVLSVASSKSAWITLELRLAEELATLVKTETKRLVERIPTSHTRYAYDPEMENFLARVGEKHRANMPFLQPRLRSVGPSTKYSWTYIELSINKFNEDLRKRIRQFEMNNWRMLALKPYLVHSAPDGSEEFNKTLSLHTSVAHWAKLWLELGNFPKPIVIDNNNLSACLRPELTQVEQEEHAETLLKVILPLVAEHLGYQVAGVPYYPLKGAKGGAWYLLMKRALSRFTKACKAAASNPNPFGLRTRKDDGSYYYLCPALHLQHGVNAVELHRKKETIPSNNWERILKEMGDAAS,1147,,,,43.pt,,
>aquatic_ORF21_W6-DG_k141_47038_flag1_multi1490_len4689,MIRKFYENLGFKGVNRGSTYWVLGVSEDSSMCPMQPTIGEHVVYPWLGSDFSEEKPDRSQYVFVGREEDSRIVPYGVKRCFIEVDGQTAFGIVISLGIYRYKYADIDAITMYHSKFYKRIGALYAGNIRWAVNDGEWYREMSNSIEVDENATIEIGRNKYKRESITADHHVHVRPEEAIRPELKGKICNVQAKGISAMLVKRLEQLHAYSNSEPSEAEISSWIVYSMTAPEWAAKYAYLIMMRAYDVRTMYAMCKSEGIKAKQMQGVARNDLAVIYEINVLHNRIDKRVDWDKERLNRMHHRRNIKIPVKDIYNECVNIFKTAAGQGKYPAKVEWETYWSSRWASMPTGSFVSQYSDDIKYKNMFVNARNANKATVCASMGKRTFWHWANRQPMIYASESEKYEWDKVRALYGCDITSFIMADFSMGDADECLPHYMPVGKEATEEKVRGRIDAMKGGIPVCYDYDDFNRQHSKHAMIAVVDAYYKVFSPFMSDEQRFACRWTSQSINRMIVRGNMSGGEYSADGGMFSGWRLTSFVNTVLNRAYLQCAGLRERMLYAVHNGDDVFAVAEDMRSVIRLFDNAEKLGLEAQRTKQNIGTIAEFLRMDLFNETPGMTQYLTRAVATLVHGRVESKEGSMVDAEVEAIHKRCEEVIQRGGKKEYVEKINNRMIDRVCERLGIEREVIDMYNVIHPVQGGRNINAAIGTKRLVKKQITDEDADRKLIMKGVNDYINIVAASLQMDIRTVSASVKEMAAESSFRKTKYQLYTVQETRSDVIIYKMLYKAHKDNKAIGHAQEARLIGMEGIKFLANKQSSLANMLSRCEKPIEMLKYIS,833,,,,44.pt,,
>marine_ORF34_DRR066263_k119_47055_flag1_multi6_len2065,MIMSLDVKIPLLLEMMGEDRVRQFKTLDEIHDLLPAQVGGLTVKSALSGDGEEEKRELLKARTSLVRHVSMTPQMGEIGRRYDPVALNKYVTKVFKEAQKEIPLDEVFLEFEGIDPKTMESSVGLEGQGHTTPLHLLESVITKGPTGAPQKKGPAPRDPVLYDKACDMLAEEMMSHGIQNLSFDHAVLCTEDSTGDGLPFATLKDKSAGWTAVTGSKNIKPRKGNWIQPALRHVSKIMKKGAKSLLLFPGVAYKRFDRTLKLLYYYLKANRGDFNIEARDRGIVAQDFSHQSSEAMPFRPVSKGIQGSDYPSIALKTPYHTSFALKEMDSLTHRYTAIVDGEKIYTTFKMGIDSSEWDNISVIPQSWYGFLRVMLRLFKPQQRVGIIYSDEFVIFDDETQRSLEMISPGTTKIMDVRVRITNADGTAREEIRAYEAEMYEIDTESYLRRVVAAASCNDIVVGDVQVTGFKHVLKTLEHGNVLVGWGQRSGNWSTYLSNSIMNAIDDKYFSLVVQNDTQRAKFLEAYGYELPKKFETLRSLIAGDDKVVVVEVDPEYAARVTNGLVPSTADLCADLMDMVGMKVNAKKQEGSGKMGPGYAGFAQMLSYKGKVYTRITDVIRKFIFRESDEATGIDPLTGNDYRYLIGDLGNQARLA,655,,,,45.pt,,
>seawater_ORF22_SRR9648500_k141_594072_flag1_multi119_len4356,MASLYKNQYYAALKSKRHHEKLTLRFNNLAAKFRHSTRVAYSAVRLANRRAAVAISKAKVLKFKYTALVKLTKRAIKDTIHYKNLEAKAKLSLISHRARYVRANRRRLHLIKLTKKNHHSIRHVIKMIHTVKVKHAKMIRRAKAIITKLVIRHKKMIAAVHKFGKAAIHRIAMKLRAARNHHDKWVNWYKVEIAKMRKLHSKYTTVYNLSVKKSKATIRITRHLNRLVVVARHAIKAAHKLTLRYISIRVSHEKKTRVALHLFKRWTLHAKMAIKARVIANRNSVKAIARRVSAEATYAAAHIKMLSAQKKSHVLRLQVVRYRKMVAHHTRMTKKFNSDTRFHRSKEAHWNRLAAIARSAARKYMRHAAQENKMRLHWIVVYKRRVIAERIALAKARKANAAAVAMEARARVLALAAKRATRLAMRQNKLRLAAEKRTKKFIVRQIAAHLRYKKEEKLRYHFVRLGRQADRKAAREWARRNRYVIEMKRAIKAMIHSIRRRKTLVHRAMKYVSKQNVLMMNANKSAAKSLRGKIAATIKAGEFRKQRAMYIKHTAKFVRAAHKAHRDARAAKAKHAKFDKMRIVAIRTARKYLGMSRVEIKRRVFLEKVARSAKVAAASFTAKMVIQKKFTTKAWKQYHHANKLAKIAIHVRKVAVGVWKKAVRKYRTFKAKHNTHVRRTASYKLNIKHAINKHHRAQRLYNKIHASWKSATSKTHRHRLAIRLAIHKRRVSHWLRMIAAMKRKLHLHLHALKRITILFIRTRRAAKKMHSLRIKSEADARVAHKDLKVALHLKNVEVIKARKAHKNAVDAEKLMRKAVVRAAAALLRRKHAEHISRKANLKMKHAIRWAHKMLAVRKVAVKLYLHLKKRATHATRQAKKMTVQAKMWVVRARHMHAHSVKARRYADKIRHYLEKAQQRAKEAGAALKRSQYKLRVVIARRQREEQHLRVAVRARVHAHAVLRAAISAQKRAYKLYIRMKRVLFLAQAAVRRAIAVRRIAEREAKKRLAFQQIRLYKWIQSHIAIRKMAMRASVRARIASQIAHRQHVRAFRLRIHETKTQVQRTVRQTIMLAKMVARARAAARRAERDARLRLRQRNVARNLRNRAIAAKLRAAAKAAQEAATQRAALLKAQAIRKAVHDYIMKVRLQHAVRNHKFDNTQCKSAKKNLHALWGQHSLKSRKAALRAARRNWCRAASTRMAQIKALHLVVKGKLTMRKVHSLRKSAFNLERRARGQHNYVWTPRKSTCKDKCMKYKDWLKVVTALAKAMAMKPCGKVPGAPTKGVKYITHNKSVKIVHGNKMVLTHHITYHVCKA,1315,,,,46.pt,,
>soil_ORF16_SRR5211387_k141_26911_flag1_multi39_len1688,FLDFVFSRKSGRLLDEPSIDAIQAIRQFTLMWAKIELPCSDARVVNAMRQFVACENEIRLSDSRLSPKDQDGFKRVARLLWADMFSEVDYQVFNGLIHPSHGPGSTADKLRGNAKWNQIDWPERLEDVFTFGENIFVSWSYALDNEATVNFIEPGAEVPVKVTPVPKTLKTPRIIAIEPTAMQYMQQGLLDAISSYVERDDILSRLISVESQVPNQELALRGSLTGSIATLDLSEASDRVSNQHVRMLLHDFPHLLSAVDATRSRKADVPGIGVIRLAKFASMGSALCFPFESIVFTTLVFLGIERELKRRITKRDVVSLLGSVRIYGDDICVPVDFVRSVVDTLHTFGYRVNSDKSFWTGRFRESCGKDYYAGNDVTVVRMRSEFPSQRRHVREIVSTVSFRNQLFLAGFWNSARYLDGIIEKLIPFPCVESTSPLLGRLTFLPVVARDSKWDSNLHTPLVRGMVVRGVSPVSNLDGHGALLKCLTKRSVLPFADVRHLERAGRPRSVDIKPRWRSPF,519,,,,47.pt,,
>soil_ORF38_SRR11565824_k141_149371_flag1_multi7_len2120,LPSRHKLEDISKTFEALESQRKVIHRYNLRPIIGGVLPPYKEIPHTSENILAMKMYCSCVRNFTNTSLRKACSRLEYLKSSVETDFKRTWCALKLIQLLEPKLKSLCYMILRNCWSQEWQLLYQRSLDLISDFGDMENASFKKGSEEYSVIREITREMLLVDKEFLIPITILPRFVYKKEGKMHLAFIEKERFLSKSDDFRKLVRSYLRSLDLKELFVPPLDVCLKVGSSRYNDGGVVRKDYERPQSSLESGFLYQSFNPKPLGTREVWLPDKATKLNNNFWMIIGRQFLNNCPTYPHQDPLKTWEEIRERLSSPFSSFDISGFGFQYIREWLFIIADEITTLFPNPDLMEMKEIFFKLFSEVKVQMPDGKFVYPPRGVGLGYYEDLKTIGVNALLHEFHPISIYGDQGILPRRSIIAAVQKLRNFGFELPSSKVVFDQLEIKWSGWTMTADSCTRSKLYFEPLVSIFFQRYHWERKQILASYNEEFPEVYKGWGFIIPFQYEIFFGYEFTKGDSLWNFRNSGVSSISPVYSGHLKSWAVQRMKAPTDQIVDDFMYETPFFTQWKESDAKAFSINRKTTYRKSIPSNTAVFDYAHPILKLNRNRKPDLPRIAGLVSDYTEHKLIINHQMTTGKFLFGLSGNGANKALSLCSRHRNPWEAYATGGYKVETLWRSDPRASYEYSFLLEHILANVNAMNKYIIPRLDVY,706,,,,48.pt,,
>riverine_ORF27_SRR7963539_k141_111319_flag1_multi23_len2641,PGYVWFKIVKYKLDAFVAISTTDEGSIPTLPKAPQNFITESIDPNFGDNPKFLCGGRPGRFITKLIKNEKSKMSLLQSFKSLKQACPSVPAKFIKESVEEEFNTLTREPYGLPETVNPKDYEDLLETFQGQVADMEDWVDPTDWTKEHPGLAQARGSIKQLENLLLIREGLRRTVDELYRTAGPVQFKAIMPSTSANYIDNNEAGGSVATLLSEPEFELLRRPGGYVVTGNERMERTLMEEAEDFDRTYKEIDETESQWLKRELQEAFLERNNARWDQMRKDMAYPGYDRPGLEKEVRRAIFSEDLEERFYKDLLELCIQMCGKPGRNFLGDDLPNAVLVGLDEPLKVRVISKMDPYLMTLFKPLQTWMHRVLRNHDTFKLTGEPIDWEYVQGRLGQKLAENELYISSDYQNATGNLYSWCSEYVAECVAEKVYTQGGYLSLDKESFLKLFKKTLTQHNVVMDETSRPQTRGQLMGSVTSFPILCIINAGVNRVVLEKARGGQRTGLRNLPMAINGDDIVIKGGQGVFADHATFTALTGLKLSQGKVFTSRKVINMNSRFFFRAGEREVIKPTGVLAEKKMVQVIQPVPYYSIGTIKGKSDFGQRYRDSVERGKGLVSEEFIHKEFIRYNKEAMTRWKLPWYIPEWLGGWGLTTPYTLGKVSVVDRQVVNKIFSGWKQKRPSNPYNQTKTWMMWDLAEEELTKRVGPSAVKVETIPDTVGGRRYDRAITSTIVNLLSDSNIKLTDIFRPPKKGKKGARQKDVMRQRILRKNEKMWNPKTYKSLQVTPVDPEKLIKRNRYLSLAETRDEEVVTHEILKFMVGMYDQQLEGALREAMVKGIRRSS,843,,,,49.pt,,
>marine_ORF1_SRR8393555_k141_247331_flag1_multi7_len2129,CSVGINHHYGNSWPYLSEAAVKNLMAQECDATVCLPSLQNAFTFKANVSTTKSFEFKYKSLPQLTQEQKKASAVFGQTSFTFALGGPTTFDADAKKQDITHTVVNMENSRIKTTKFDPSIFSFTPHDAPAAGRGRGAGRSHRGKCRSSRRRVRHQFRPKGRSRVKIGVTRQVLGDPHFSSGTAEAAAAAAMASSRASLSASRAFIKAIDAWGHGKVHCLDTSDEQWDAVCAIMIKDYHKPADYRVSSNILGLRGNESFCDPLEKMLRGPDRLQQMLLRLDRHVPPLPTVALTARVLSFFGWDGLACAMRLSVGWMALSILNYDAVLKNSSFTATITAAPASKSSEMVKWHQRMEQRQLVVKHRMMVRTAFMTIHHAATTKSEMPLAALLRHQETVDLSSWLRVDEAMLKSIVTDILDAMTTDISYPSRLVCQKDLVSDTKSSDELRMDFYKARGQRLPQQKQLKGDESSATTEAAEGKQNQCATLLPMPAMTPKLCFQLSTEDYSPPLPMKKKMTVADPLQGDAPSQDYAAAAATRHAAPIYTDTPRSPCQLAEAKRRAAAVSVAKELIQALKCDKRPLTKSIATA,586,,,,50.pt,,
>marine_ORF26_ERR1711871_k119_969856_flag1_multi7_len1251,ALASVPRGLQMDEERLPAAMLLASVEHRSRPENFRLCLCCGHVMTPQSFLAWVFCIIDMLEWTIFQYFIDINAVKRKPDGITMLLNQYGSFNTSDWVLFILSVYLRATYLREFMKLMITVICMYARRAQSIDLLDKLVKQRSSSYLPKGKGVLNEIVATPSLLQFNSSEDVVTFGRLRSLLRKLGRYYKTRSALFFCQQVFVVIILVFFHHQNQKFMDDHLTYMKMLTLSMSIFTFLTLFLILYNGAKLNYSSKLVTDYLYEKENDVRSDISKMIAKSKMLSGPSKLDILRKQELADVLNLTVRRIQNEEPVKVLAFIPATFGVLGSLASVASPAFITLTGVLLGTTKTNNSTIM,355,,,,51.pt,,
>marine_ORF10_ERR4181783_k119_143015_flag1_multi7_len924,PPPLTRKQTCRRERKPPASPCPMAAATRNRFLEQLPPDELLGWEQDMRRSLLKSIESSQGSFPVMEWIDRRIGGEVETRCGPGGFQAYIRGSPVALAAAAGAAPAAAPVPQQQPPPPVAGPEPAGPGMVSCPKEKPGGPNSKETAFFSSLSPDSFAAPEEALREAIFEFLASWRSQDLATVSNLSSYAGVNRAKAAFLPKWVSLRDWIEYRIGGELEIRSGPRGAETIHLTEGAKTTVMAKYQQMTNSGTIGSGPPAPVNTSQPVNFAAAAGAVAPQVAVGPAAPQQMWRRGGGADEAPLGGGGADEA,308,,,,52.pt,,
>marine_ORF15_ERR3587092_k99_56654_flag1_multi19_len1697,MKELNNMSSEGKYVIHATIRVDGTVARKDVVGAIFGQTEGLLGEGLQLRKLQRTGRIGHVDVSLNNHKGRVQGTIEVSSSIDQVSTAVIGAALETIDRIGPCKAVIKVKEIENIRSAKRDHVIDRAKQLLLGIVNSASGESKNILDEVRAVLTLDTEVDFEEMTAGPNVKNSDSIIIVEGRNDVRNLLKFGIKNAIATMGSGIKPELAELASKKKTVTAFLDGDRGGKLLLMEISGTLGKSLTHVAFAPQSREVEHLEGKVVTKCLGQKEVASKAVARIQTEIQKDDDKAVGKGKPSLEAPEEIKGWAPMMDGLKANQAVIVLADGTGSEPVGAKALEAALGESEGAQGLVFSGKVTDRIHELASGAGINVVVGKTVGAQSLKLGVQAYSVKDLE,395,,,,53.pt,,
>marine_ORF1_ERR1719375_k119_872745_flag1_multi9_len1137,MGRSAGGKGHVQKKEKKTPEECGFQLVDGVLYVREPQLQHAFPVDIGSGEYSCMEIGTLGKRADSVTLPQGSAELEVLCNRQTIFGNPFSMLRDSGYQTSKGSSLDMAIGLRRPPTVREPEDGQLRDRVCNMFDHFLGRALAQEGAVSLLEVAIETANNLGEPRGLIGKDWTQEFGARTCREFQDAYRSLSAGMMKHRGRIRLMCHCVPLRCHASSIAARLLRSLCLASEASSGLSCSDAPVIQAATSCRESCNDFSEHREPELQQTVGHDAAPGRAKRWGKAKKEDPPCSSSAYHHDPVHQQQPHRCSSATEHVLPTRDISRTRLESAEAEKGPSEETNDIQKP,345,,,,54.pt,,
>marine_ORF1_ERR1719425_k119_42840_flag1_multi5_len1303,KIREKMAAFTARALAGKGGLFSGIYSQQFQACQKSFGSLSYMSQQKLQAPKQNAASPLLQKNILSSVVDTTTVQKRNIFMGFDPVGTTGLLYTLSVGSVLLLPGLMTAQAGPDRVNPLCGYDEEPKEESKELIFGRLPKNHAHGSFLFMGGNGHAYNAVVKGYGAGLWDLWVDSAFDAKKKTQLALAPLPPLMVSILVLNLAGLIPYLVPMTSAPVALILPVLPCLSVCIWSAQLIHGWANTPKDMLAHLVPVGTPGALMPAMVLIESISQVIRPLTLTVRLGANMTAGHVLLALCSEGIESGGLIGGALGLLAQTAFMGLELAVCAIQAYVYVTLCAQWGGEIPPKGGH,350,,,,55.pt,,
>marine_ORF16_SRR6233159_k141_38575_flag1_multi14_len1372,MLPPSPTFLHKQALSWGEPPYRMASIGKQKASSVAALIDLGFEESVALAALAVSTGDLQAAAALLMDGAFSTSSSGAPALEPTALVVPADALHVPIWADWLDGPFPAFELYGGEGGITFANVAAKGGAPVPCISAGDMLVAIDGSPTPEDVMKAAIKLQRSRGAHVNAGLETRLTIRSPSGAEWSLATGSGDRSGKLVSAHTIKKASASDMCGIILEDYGASVIISEVRPGGLADQAGLAVGIAIVSIGGTAIVPPNDKVQGVTGHHHATSLLKSLEGAIEIKGDLSVWQDVTGLRAAGDTTADTLTHHLDQPNSCIRTPRMGLATPIARAPAAHGKRGRVEVRRRQEIARPARRLGG,358,,,,56.pt,,
>marine_ORF22_ERR1719193_k119_240183_flag1_multi13_len1126,PFGPVSSAEVLWASALVGAAWLCEGRCHHEDGANHTVLEEGRPVMESVSVNTSKLYFYENSNVTTMNQPEKYRKLIFTLEPCEGVVYLLVRRTRPCWPNVHSCCQPLSGATGGATSAPPCNLATHSIRCGWTHFHSVIDGTRDGAPTFFEVPFGSTKHYLTVFAPPEANLNRGVSRPKFRLTVLADVGAFPRPGRRGQLRAKLGSERSIEVAWDPATFIPLGVSDIRNYHLFSSLLLQQDQAQNEAVFVSPEKVMNSACGLERNAVRYGLPIGPAGCREGECRAIISGVVPRRRYMLNIVAESHRGFNASYSGIIVSSEWSEGRHAFSDWSERTTSFIGAVCGTTFGVLVMGYLWIVKLYK,361,,,,57.pt,,
>marine_ORF19_ERR1711973_k119_93225_flag1_multi4_len1221,MKIVETVLWINMATSVATGQGVAAVILPKFLNSGDPRKNCEKFIQSFKDWCELNGWYDSDPPPQEGEETVAALRSAVAGNEEVENLLQGLQLTGGQEKEPEIVLRCLQEHFAASEGVLTERTKFAQMKQDNQESVTAWEGRVREQGRRLEYCNKCEDQLLRDKFICGINNDKLLSKLLDKGHRDKVTKDVVSFKAMVQIAKNFEQCEKAKAVMQQAKGPAEQVNFAGSGQSVSGGNKVKSKFSKQEDSASCQFCAGPTHPRSVCPARDKRCAKKGCGRMGHFARCCRMGKPPPRVKSVPRPQAHQLDTDDTEQGYPEDYDPDLYEVELKPQKYSESIYSTNETNKALGRKFFSNLKLCVVNSFKSVKVQLDTASTCNTLPESIAKSLIPRGTQLGYFL,398,,,,58.pt,,
>marine_ORF7_ERR1719453_k119_1152236_flag1_multi16_len1486,NIRAGEIPTPGTAAHRPFSHSAIRPQPRQRTAPPLGRLTAQRRSGPSVQSTSARSPPPPRRQTHHSSLSKRRGRRAEGALASALRTRVVSGGLRRLRRALRRSSEGGREGASWTRSELALCDLVQLVVRLVLRLQLRLILLVRNRGADDQQDEAAPRAAEPRAEHYGVLVCRLRRRRRKLGGCDRHELWARLEHSVYELLHGGVAPLGGVALGCQRRALQGFSHELPVYLRDDLAIEPTGALRARVNGVAARVAASLAGLALGPRRSDAEERREDEQGRQPHCHRRLLAASVCSLGCCCLVNPRAPRRGKRCRKCAGGGHALEATGEARAQCSPKTGPSCCCRKFKKSYEGTRKLKENTQQANCQDHGTYLEAGTDKFRT,380,,,,59.pt,,
>marine_ORF1_ERR550537_k119_383536_flag1_multi5_len1061,HAPKWKTAPRARPCAHGTAAGVAARGRGEGPVQGARGSGSLGAQAQRARFKPLRPRRLARRKSGFASPPASRRASVAASKGHDRCTLARRSGWSAGGRARAVSVRRKRATARGSRSSASRHAALTAAPSACAVSSVGDDRSCAADAGVSSTERHASARQSRFRGFVSAQPMYLRKSRTWRSSAPHWRPLAVWLSSAAVLASNHSWTSAGQGRSAHGPSRLATPAAHFGSRALASPGQSMLRRTVTTCVGGLQSPSCRRKMLQPSANSALARGSPTLTKTLAPGGTARPERALRSTSPQVPFLKPRPLAPGGTPKTSASRFSALSGRLPR,329,,,,60.pt,,
>marine_ORF7_ERR1740128_k119_137803_flag1_multi7_len1381,MMEFGSLVREDLTNYGGASNLAFNEKVKKLQNAGQEIFHFAFGQSPFPVPQPFVRHLQETAGVNDYLSVAGLLELREEIVEFHREWDGASLSVDSLIVGPGSKELIYLTMAVFRGEIWLPAPAWTTYKPQACLAGHKARTINQPAHQKWKLSAEDVESAVKDVEGPHLMVLTNPGNPSGCAYSREELEALTMVCRKFKIIVLSDEIYARLNYEGNHVCMSNIYPEGTILTSGFSKWSSAGGWRLGYAHFPDSLQSLKKAVLSGASHTYSCAPANIQHAVARALKQDKDELRKYILAARTILCAVANYCQAKLAAVGVEGHPGKAGYYFMPDFSSIRSNMADAGIKTGQAMCDDMLKSANVALMPSSSFLLSEADLSVRFCYVIFDGAKCMQELEALGPKPDLGDAFVEEFCPELVQGVTNLCNWVNGWKKQ,431,,,,61.pt,,
>marine_ORF39_SRR8393578_k141_198938_flag1_multi4_len1895,MFHLFRAMPAKKGGGGNNGIFGLLYLPVAVVVNMVFTPAHWAMWIIVDKLGDDMGGGWTYIAKRCLENQQFKAAVQYTKEFRYVLYDYFRWTRISSPLWRCKACSKPGKVWCVDCGKKFCPTCAANLHASGSINMIHSLEEIRQPSKHEGVLFLSPILPEVLIALMFFHGFFTIDFFGKDYLTTQTTCPMVQTVQSAIASVDTSFYYHVKGSFFYWCNTEDSYLRFILDAWVRSIVTHSDNTLLVFQTLPQAFLFDIVLMSCLVPVVAFVYAVIENVVHYVENRVPRTGIFVKLEETVQFFSIASYFGMGDIIPIPDTYERARAPMDFADAFFYRLDRKMRNFKFIYKNALTGLQSFAWHLITYTMAFRLGCIWFGLGRPLRYILSWVGFGSTIAAHEADYKAVHHMLISENILWNLFKKSLASANIFLNIVPSSMYQASAVWLLLSAVVVAGCIWISNKILMERRQFFGAKAPKVGLALLLANIAEKEKVQ,492,,,,62.pt,,
>marine_ORF12_ERR3586760_k99_29502_flag1_multi10_len1436,VRHGNSQLSMFKRRIPMLRIAEEALTFDDVLLVPGYSEVLPHQVDLKTQLTKGITLNIPLVSAAMDTVTEAELAIAMAQEGGIGIMHKNMTVEQQAAAVRKVKKFESGVVKDPITVSPETTVRELVDITMANNISGLPVVDGNDLVGIVTGRDIRFESRMDTPVRDIMTPKDKLVTVKEGADLDEVKELLHRHRIEKVLVVNDQFQLRGLITVKDIQKAKDYPLACKDEQGRLRVGAAVSTGGDTEARVAALAEAGVDVIVVDTAHGHSRGVIDRVRWVKQNYPDVQVIGGNIATSDAAIALAEAGADAVKVGIGPGSICTTRIVAGIGVPQISAVSNVAAALKDRGVPLIADGGIRFSGDIAKAIAAGAHCVMIGSLLAGTDEAPGEVELFQGRSYKAYRGMGSIGAMGQGSSDRYFQDASKGIEKLVPEGIEGRVACKGPMRNIVHQLVGGIRASMGYTGSATMDEMRTKPEFVRI,478,,,,63.pt,,
>marine_ORF23_ERR1719265_k119_1141051_flag1_multi4_len1247,KHHFCPLEEKISKKDTTVEKPVEKPEEKPSTTSRILEEEDATVSIPRAVPDSGAEDDKKAGDGKVGIQIEDAQKLEFEREHAAEIVAAKDKVLQRMEALISEEQLELPDGYAALTDVNAKIDALKVVLETHTKAEKNKEKEEMEKLLDEEKVKLETRFATQIASLTRWELLQNVTKSHEMKHLLHTENRTTLVGNCRAAELLPTPFPGDLDEMDQKKELNTCEWALSKRNAETKFANSLPTDYTTLDDKAQREVLLKLEVGQKKTELEQKLADSLPTDYTTLSPCEQYDALQGLAKTEKKKEMELEFRTNLTSEYFSMDEKKQSFVLHKLASERQQKRLESHFRTVGTLPVSGYAALSGEGQWFELLNLVEGALKSVLETEFASEIAEKYQDGAYAKLGAEKQLHEVLLPMAEKR,415,,,,64.pt,,
>marine_ORF7_ERR1712127_k119_588965_flag1_multi9_len1397,GVRCDTPSITYTFASDPNPNWKYYFAHGAEVKEYIDRMAAQNGITPNVKLETTVQTATYDEEAAMWDVKFQTKDGSVSTMRANVYVAAVGQLTIPKIPPIPGQDIFEGQACHTARYIQGLDFTGKNVAVVGTGATAMGICREIEPLAKHLTIFQSTPQWYVDVPNHKKQITEEERWCFRNVPFYERWYRFSHLRHIVDFYFDALTAGSETNRSLQETLTEYIKEKVNHDPELVRKMVPPHPPICTRMLVDNHWCTMMTKDNVTLVDGRVEALTKDTVLAKGGEVVAPADIVIYATGFQSTKFCLPAMDVFGKGGKNLAEHWGDTPTAYLGITTTDFPNFFMTYGPNTNVSSGGSIIWCAETHGRYIGQCITAMVRDNLKSIEVNADVYKKYNDMIDAELEKTAWADKGCKSWYKSGPTGKVTNNLPDSLEGYWAKTRMANMGDFDSQAA,449,,,,65.pt,,
>marine_ORF1_SRR12319326_k141_151049_flag1_multi7_len1318,VQTCALPILHFQKLNPHINVEDFPAVFPTEPVALAAGKDLVAGVSSFGFGGTNSHCLLGSKGESSEPPKKLCFLFTGQGSQFAGMGKELYETDPVFRAKLDECAKLAKPWLPEPLLPVIFEYPDLLLSTEFAQPAIVAVEIALTAMWKSRGIVPAVVCGHSVGEFAAAVCAEVMSVADCMKLVCARSRLIEETCPRGSMCAIFASRETVDQTLALFTPAEREKVVVAGVNGPTQTVISGETELVDRAAVLTKQKYRKLDTLHAMHSPLLQPCLQGVRDVADKCTFRSPVIDFVSIVTGKLHTKFNSEYWVAHDEPKPMLFLPAMDSLMSLKCDAFLEVGPQPHLVSMGRRCVPKEAQITWIPTFETGVKETASVRRACRSLNTPRPAPIQYKPTRFPWTKSVTPLLGSQDDGTVFKRTITTDLLELFADHTVSGKVVVP,439,,,,66.pt,,
>marine_ORF24_ERR3477393_k141_51413_flag1_multi23_len1432,RVAAKSKEGDRNKSRNGSPGGRSLSRSTSPGAHSSSSMSNRLDDFNARISVKSKEGDGDRSRNGSPGGRSLSLTSQHLDDFQSRIAAKSMESGVAPSSLKSRGLDDSNDARIVKQPTIGAISSSSSSMRLDDFQSRIAAKSKVGDEIETPGRSTGSASLPSNHAHSIGAVSSPSSARNLDHFEAAIAAKKNEGDKNRSRGTSPGLAQSYENRLQRKRYEGNSDTTRSGSPEAHSSSSERLDEFHARIAAKANEGDGNRSRDGSPGAQSLSSASQQHLDDFQSRIIAKSKQGDFRSSKQPEGSASRRGLDDYEARFSAKSETPFSSPREQIESNKNIGRGALSLNGRFNAAYAKARAVNTVKDVNHSDARAAARIRHNELLSNKLQGQNIGISSTEADSGSHWRHARNSSQPTVQPSIESHSTAHGMERKDSNERLDEFEAKTAKLKLQQKLKGISAGKHTERKDSKERLDEFEAKIA,477,,,,67.pt,,
>marine_ORF31_SRR1644050_k119_17906_flag1_multi24_len1936,MTNGDVTSEINQLIHFESIIMSDPGNQNTPPPSDMNNDSATLAAVSTTLSSILTGVTETVQKAEISTAITITNNSDHTYRKSTFVQTVAGEGIAGACVWAAIFVTCHQIYQYLRFYTNPAEQRWIVRILFIVPLYAFVSWLSLLFFSYDNYYVYFYAIRDCYEAFVIYNFLSLCYEYLGGEGNIMSEIRGKPIKSSYFYWTCCLAGHSYNIGFLRFCKQGTLQFCFIKPIMSIIVIILQAFGYYHDGNWSPSEGYLYTTIIYNISISVALYALFLFYFATKDILRPYDPALKFFSVKTVIFLSFWQGVFLAICEKAGIINPLVSDDGTTETEAGTVSAGYQNFLICIEMFFAAIAMKYAFPISTYMSDGGHHPSGRNVTMQSISSTLRETMNPRDIMTDAIHNFHPQYQQYTQYSSDNKRFQGQPQTQNNNTDAVHSDPELKTSRNINGVVLKASSAAPPTTASTPADISVNSNDQPPAFKKSKNSEKTLLLPSDDEFQ,499,,,,68.pt,,
>marine_ORF28_ERR1719262_k119_555215_flag1_multi6_len1475,KPSTGMCGSGPPTATRPPNAAIQGKPILGRSYKIKSLADDGVGDLWLQVDPANSDRVFAGPKATAGTFQVVKGLFAGKRGEPTVSLMVISGSCKNSNSCKYLRHAGFNIRAHGLSSAQLFKTDATFYLEDQTYFPAKENAVAIQSSNAYDSYWMKKISGGVAKIVTGKDKSAVWSFHDEKTVQAAHVCYAVAPRHTYKRLGQGACSCDGKSEYDRQFISDGGDTVGWWKNMCDKTVGCSGFTVSTKTRKGDLIMGLGKASLTSYKGQCGTGTPVRTTGAPVTGAMVKWVPRDEFRHTKGLKWCTSTLSDLNVKALGFHFGVANYQGDHCPNIEGLTEQEAVTKALRFCYENDKCGGFTVYVPGGIASKPCICFRQGSESKPITDKPCNLSKCRSKRSSECYKKKWRKSRCTSDGCTRYFGESPADKYKDALCYKRTG,437,,,,69.pt,,
>marine_ORF18_SRR12342827_k141_216501_flag1_multi5_len1243,HSCDNVLDFDNDGLANFQEETFGTDPTAQDSDGDLLSDAEEISRVNLQLTRAVGIFKGFDRNGQDVYRNCNEQIREDNSQTFEFPAPFMDKNNSWFYLDDDNDGLLNGPSDWDSDGDGMPDGYEYCYSIYPEQNVITALKLTSLEQGDVLSPSNPSDGFFDWDDDGLNNLEEYGSALIFGAENFTSPWQEDTDIDGMPDGWETNNGLNPRDSSNGDKDPDMDGWDNDGDGSAVYEDLVYNTRVTQIKKTIGDTVAEGETIVRAEYTKAGGQTEPVNIKATSSGTIYQMYVSVDQIITSRDTVWFVVVEDNERFTNQDEYEAKFKNNEPFDENGQPNLIIGRSTDPMDADTDNDGLIDGIEVFGWEILVVNRGVEITLVVSDPGLADTDSDGVSDFLEYSSMCDSGSNASNPDTD,414,,,,70.pt,,
>marine_ORF29_ERR1712078_k119_203516_flag1_multi11_len1484,MCSDVQIDNYQQRNDCAVWAESQFLSVGEPGGGADGPGCVHDASLDAAIATCAIEGARLCTIAELEAACTAGTGCGHDADMVWSSNNCQNPQDPPPEPEPEPEEGECGEIEELCQGHIDWAMNTGIFTNPEWYPGLSSDSPMEDFQCLLAGYDSQPDCVNYPCDWTCPGTEMQCETASEDCAGHVDWAMSTGIYTNPEWYPNLTPDSPYEAFQCELAIMESSECSMEPCDFACDGEYSDEAGGDGVGETPNAVTVSCGNPANGGCEDDYCAGNSELHEVRCCSDEQIDNYQQRNGCEVWAESQFLSVGNGGEGCVHDASLYTAMSTCAIEGARLCTLSEIQAACTAGTGCQHDGDLIWTSAECGSGSGQCGATDLDGDGHTGFQDLLIVLSAWGNTSCEGGN,402,,,,71.pt,,
>marine_ORF31_ERR1719247_k119_447448_flag1_multi8_len1360,MMFAKKLFSRNKSELEQQLAEALSKESWGAPNSLLQQIAIATEEDDARLLVLQHVFKVLEEKDKMWRRVFKGMVLVETILKRGSVRIIEDIKQDKFRIQKWKEARVMEGGRDVAGGIREKASYILHMLESPTELNQERHKNYEMYAKFQGVGTEAPTKTGFVGAVKRAKEKAMPNYEEQVAAEADQRQKEFDLHFQVEEFTSRTGAPASTANHFLRRNHGNVDRSIEEYQRSQGGRGFGGSSSRRDGGSGRKPSFSEQKTKSDQVRMIAEVSESRAIEFLERAGWDVERAIEMAASGGSRNPQENSESDSESESSDDSYEDNRRGGGRRPNQSNQRGSNRNAGSGWPSGPSGNPGFGDSPWPSSSNSAPGQSFGGGFDAPGGNGGFSGKGGFGAQQGGANQFGAGGGFGGTGGFGGQPNSNAGGPFGNNAGGKGFG,436,,,,72.pt,,
>marine_ORF12_ERR1719290_k119_56124_flag1_multi10_len1294,IRPGSSAERTDGGLGAAPTASPSLDGDKMFHLLDRFDDDFLAQIADVIVGESGQGEPKETTFSPGEAPSFAASYDQPVAPQLLPPKAARQGGVDQLVGSSTTELESGEDISGQGLNTTEALDAPASLPVLATPLFTMKAVAPVSRFLSPKNHLLDHMYACPEPANFDEPIIYDNNLDKYEIQLTNDLSLTTPTDIFQDDESSDLSFPQRLHPTRDITSRKRKSSVTSASSTSAKIEIDSAYGSPSATSPPASPVANTSPLRDSFTQVKNITHSRHSKANQLQLPNTADVTINFDVKDESDSSLSRDGISRLDLDLLDSLLTKDILNDMGQVILNEDLMTTNDDIVSDSSSGCIGLFGSEDGKDDFFAGLFGGVDGASEDEDLVKDFDTTDWESTFNELFLQL,402,,,,73.pt,,
>marine_ORF1_ERR1719495_k119_665913_flag1_multi6_len1528,EKLMELPGSPKFLETHVNKLKEAWAVANEEAQKRKNGLADNLEAWKNFEEKRLDCSRMLDMADAELKSLRKNYNMERAPVELQEKVKVAVTMRFDIEDLFKQAESAFKTLSIFAPKEKAEELGSHIKTLNERLEVLTKIDKFLAELLEFNKAIVQFDAVLTGMDSWINGKGQEKLTALRQPDEENVAPDPEERVTRGMELMEDLMKRIQTCIKAEETREQLFPPEGKKMSKDAKEFLDRLKACRDGLDKLDENVTAELNKFSIDVKHFADYQCGVRCFYPWLLSTEEKVEKGVEPPSDLVSACNLLGEVKTFQDDCLQRAKVLDNANSSAEKMTYHQYAQKNIEVYRGRWSLVHTASCHWVAQMTNLVECWNSLDGKTVELSSWVQGSDSTQIANNAGISIEKLENQLIQLKATFSEKENMLQNLRNRCGPNSQYPALGNETVEAGMDGQATEGAGGGSDNALPAEQELEGEKPQETETATA,482,,,,74.pt,,
>marine_ORF23_ERR1719485_k119_655249_flag1_multi9_len1326,KDKDKTPKTNFVNVVEWLSFNESEACWTLERVRKFVFFGGIDYIQLQAPQNSQSDDAYFLCISEKTFKLIYDSSGMLNEEENDVKVDEMLHEDQPKIEKPLFYWFQGVEDMVIWVMLPSDATKKDIKVVLKPSEISVCFKGNELFGGKLWNIIDGDSMTWTIQKGGKLEITFCKANVGMIWQRFLKQQDPSKIIDGEEVMDPSTVDKIHAMIETEKEPSEDNATSINQENANMYETNRLYNAQELEDCDEAPEEASNLYLFNGSLDGKISHRSNLSGRQWLFKVPSVKDNNDRPPKFCLRHDVDGLIWQPEISECSKENKSIQLAIEHVESFAALGYVQASKQQRKFTVCSSDMTYAVIVDRTRHLYLYRQPSDIAQGCELRNRTTGQRVKTLAKQQVITLQDANEDIIGALATSKTIFVSTKSSLFTVRVN,432,,,,75.pt,,
>lake_water_ORF15_SRR8535513_k141_52329_flag1_multi13_len2770,IGTNRYAIYCQSANTVFSNIDYNDYYSTGPNLGYIGSDRATLADIQAGFGGNVNSLSLNPTFVGVDLHPTNAALQRKGLYMASVTTDLGGAFRPNPPDVGVYQFSPNQAVTTVGSANLTTTTATINGSITASNLSVTSGFQYGLTLAYELGTVAALPALVSGNAATPITADLAGLVVNNTYNYRAIGTSGSSVINGANMTFSTAIPPVITTEPATVIGPTFSTVNGTVNPKNATTTVSFEYGLSATPPFSSFATVPGTLTGNTVQNFSATLSGLVINNTYYFRSKAVSAAGTVYGTIRSFYTDCVIPAAPVQPAGPVNVCKTGSGYVYSVTPIAYAYVYHWSFPVGFTITSYPLSNSVTVSVDNTAVSGQVKVNAESACGAIGPYSPILNVVVNNLPAPTIAPNSPVCQGANNTYSTQAGMSSYVWTATPDGTITPTANPQVVTINWPTTGAKTVGVVYTNPATGCTAGTPGTVPVTVLAAPSPTVAGVNSLCINSGSYYYTTETGKSNYTWSIPTGGGTILGGQNTYQIEVLWNTPGAQTVAVNYSNTNNCFAGTPTAYNVTVAGMPDAAGSISGPSNVCFGSNGIPYSVAPIANAATYVWVLPAGASIASGAGTNSIAVNFAANAVSGDITVNGNSLCGNGAVSPALTVTVTQLPAPALAVVGSDSVCEGSLGVPYSVPAIPGATGYKWELPVGATIASGDNTENITVDFAMGSVSGGVTVYGTNYCGNGATSPVFNVVVLPKPADPVITLTDDILSSSYADGNQWFYNGAPITNATGQTQLAQYSGWYWTVVTVNGCSSDTSNNIYVTVTGIADPQAAGVVLSPVPNNGFFKATINYPGEESFTILVYNQLGEKVYESKDNRVKGLFEKNIDLRPAPSGIYSVIFQSADIRFLKKIIVNK,903,,,,76.pt,,
>freshwater_ORF12_SRR6049377_k141_4471_flag1_multi8_len2763,TAAAPATAVAGGLTAVTGVIDAAGNPSLTATEPGTAGDGVWLLANTTDATDKYTSISATFGDLAAGSYVLKAGDDTTSNDADDFKIADLKIVDAGAPTSVSWSTGVTQVGSYSDQDYSLTFKDSLGRATVPVNNEKAVLVNSGVAAGLGTNTLLFDLNQSVQDKSDAADATTLIYTVGLDTDDDGNVNGGGDPVSGTIYTTSAQLQDGNSALAAPANITYRYMASTVGLTGTIGFYSANTSTATEITSIATASTVASENIYAKLIDDAGRHVIGATVSYTVGTVTAGAIAAGTTTTGGFTGAFTVTVTAGTAGTITASVATGGSTISKVLTVNNSAVATTGASTMSVSAPTTDIYADGTTTYTALTTKLNPATVTGTITISGSGATASSVLPVVIDGTIADTTTDAIVANGISFDSSVTNTKTIYVTTSSTGTFTVTLDMSGATVANGDSVAVTSDVNATAGAKAKITLGWQTAALAYTTTPATGAKAVKKIGESVEVTVSGKDQYGNGFANYIASAKMSGIPTGGAAVVTGATATGRTGLDGTLKLTVAAPSTTYAGDATLTTTLLNPSGAAIGGITASTITVTYSTEGLAATFTVTDSDADTDPVTSTTDNAAIRAVYVDPTANEENDGDSGTNNVDNFVTLTTASTSPAGVAFTATATNGIRLLTATPKNSTEIKVGAAEVTGTAGTTVVYAIPTKIGAGTITFVGGGKTVVYTLTGALAAAPLASSVTLTVAANAGGKATVDLKTLDSFGNGVPATVDIVVTGPAYLSNGFKNFQVSTASATGTNAFDLVSSGTAGAVTVTATITNAKFQAVTAANATLTGTTASDQDATLDVTIKSDGASASPTDAAVSAVKTDVTAVKADVKAVSDTVATLAKAVTTIQSSVTELTTSFTAQIKSLSSAIAKISRAIAALSKKI,920,,,,77.pt,,
>freshwater_sediment_ORF427_SRR8096811_k141_3485_flag1_multi163_len21682,MTGRKQGTTMRTIFFILALCLPVSLLYGQFVDNPPVFDDFNFFNGLEHGQFEDKGYVYSLRWVAYATFEWTHGVFGKKVVWFRLGNLALHLATAVTLFLFLRKLFEQILPSRYGNNETLSAHWLAFFGALIFALHPVSVYAVAYLIQRSMLMATLFALLTWWLFLNGLIRENYRYLLASGVTYFFAVFSKEHAIMIPAVTVVLLLLVDNQPILRRIKLVWPTFVLYSLVGVFLVIQVHSNYRLGGIYEPKAAKLMSLLGADIDVHLAYPLSVLTQSFLFFKYLWVWVVPSPAWMSIDMPQAFALRLWSWPQIAGLIGFVVYLIIAVRLLLKRGVKGLLGFALLCPWLLFATELVTVRIQEPFVLYRSYLWMAGAFAALPFLCQKLSAKQAIMTLTLVALLMMPLSWLRLTTFSHPLLLWDDAAQLVENTEEKYLNVDRIFYNRGTELMNVKHYAEALTDLTKAIELKGYHAGVAYFNRRFVYIQSRQYLLALNDSNKAIELTPEMPQFYVGKAHVLEKLKNSTGAWMAYKQACLRGYPAACQVTESSVTLRTDDRMPFKFISTEQKGGLFSGVGENGLLLQSYK,584,,,,78.pt,,
>freshwater_ORF1_SRR1927225_k59_6815_flag1_multi11_len2660,YYSSTLDTEIMAICPLSVVQQRLWAIHQFAPTSKAYNRYSALRLKYSLDFNRWKATWQAIIQRHPILRTAYGQDNTGEPVQFVHQVADVPMEVINASTWSQEELQKEILDRADRLHDLEKGRVIALYLFQTTETNFIQVLTIHQIAADEATQDLLLKEFNQLYLGHELDEALAYSDFVNWELDFIKSTQAEAHQQYWQDKLAGELPILALPTDKPRPKVFSFNGNSYFLKLDQSLVLRLKEIATENIAVSSIALATFYVLLHRYSSQEDILITVPMQNRGGQAAFADIAGHFTDLVALRLTPTKDMTFEMLLEQVNQALSAGISHEGVNAFSTKLVKHLDLQRDFSQIPVSSVMFNWRKFSGSDLDKPIESHGESLPFEFYSLEEQRGVECDIKLSFIDVGSELTLLWQYNSDLFSAEAIERIAQHYLNLLEGVINTPKASLHQLSLMTEKERHQLLVEWNNTSANYPQHQCIHQLFEEQVRKTPDAIAVVFEQEFLTYQELNNRANQVAHHLQGLGVQQESLVGICIERSLDMMVGLLGILKAGATYVPLDPNYPMERIEYILERSQAKFLITSSQILEKLPPHQAQLVCLDQEWSTISQKSPENPESEVIPEQLCYVIFTSGSTGEPKGVEIAHRSLVNFLWSMRSEPGFTHKDCLVAVTTISFDIHTLELYLPLITGAKVVLASSSVAADGLSLATLIADHDATVMQATPATWRILLSTNWQGKDNLKAICGGESLPQELADRLLEKVGCLWNIYGPTETTVWSATGQIKKNRILGYSNITESIGRPIANTQIYILDSSLQPVPIGVPGDLYIGGCGVARGYFKRPDLTAERFLPDPFLSNSRMYQTGDLARYLPDGTIEYLGRIDNQVKIRGFRIELGEIET,886,,,,79.pt,,
>freshwater_ORF190_SRR5204452_k141_32648_flag1_multi55_len12542,MMSSSVLISEVGPRDGLQSVDAFMPTVEKKAWISALYAAGVREIEVSSFVPARLLPQLADAAEVVEHALSLPGLTVMALVPNLRGAQAAVAAGVHKLTIPVSASQAHSMANVRKSREQMIEEVAQIVAYRNAHAPRVHIEANVATAFGCTIQGEVPEDEVVELACALVACGADETGLSDTTGYANPAQIRRLFRRVRQAIGHKLGAAHLHNTRGLGLANCLAAYEEGVRTFDSSQAGLGGCPYAPGASGNVVTEDLVFMFESMGVKTGIDLNRLMQAREILKRGLPGEPLYGMLPDAGLPKTFIAASTDATPDGASDDVSAQLPLAGIRVLEFSHMVMGPTCGLVLADLGAEVIKLEPIEGDSTRQLLGSGSGFFPLFNRNKKSIAVNLKHEEGRAIVEKLLGSVDVVIENFKQGTLDKFSLGAEQVRMRHPRLVYASLKGFLAGPYEHRTALDEVVQMMGGLAYMTGRKGDPLRAGSSVNDIMGGMFAAIAILAALREREQTGQGQLVQSALFENNVFLVAQHMMQFAMTGKPAAPMPNRISAWGIYDVFTVRDQEQIFLAVVSDTQWKIFCDCFGFESLYQDPLFKTNNDRVRQRERLMPILRERLSVFSASELAGQFEAAGLPFAPIEKPEHLFEDPHLLASGGLVPMQLPDGRPTQTVLLPIAMNGRRLGLRNNPPALGADAKDLLQSLGFDEASVMRLQSEGVLNRSSMEESQQS,720,,,,80.pt,,
>freshwater_sediment_ORF15_SRR5434043_k141_16444_flag1_multi88_len3103,MDTQKDLDIPQPLSLVPVLPLRDVVVYPHMVIPLFVGRERSIDALDAAMKDNKQILLVAQREAEVDEPEFDDLYRIGTLANILQLLKLPDGTVKVLVEGSERSQVLKYVETGSYFSAQVQTLEDQLTSSVQEQEVLQRTAISSFDQYVKLNNKIPPEVLNALAGIDDLSRLADTIAAHMALKVNEKQNILEAMDVGKRLESLMTYMEGEVDLLEMEKRIRVRVKQQMEKNQREYYLNEQMKAIQKELGEIENAPNETEDLENKIEDAGMSKEAKTKALAELNKLKLMSPMSAEATVVRNYIDWMVNVPWKQKTKVRHDLKIAEQVLEEDHFGLERVKERILEYLAVQQRVKQLKGPILCLVGPPGVGKTSLGESIARATNRKYVRMALGGVRDEAEIRGHRRTYIGSMPGKILQNLAKVKTRNPMFLLDEIDKMAADFRGDPASALLEVLDPEQNHTFSDHYLEVDFDLSDVMFVATANTMNIPPALLDRMEVIRLAGYTEDEKINIAMRYLIPKQVKNNGLKAQEIEITEAAVRDMIRYYTREAGVRGLERDISKVCRKVVKSLLLKPADHKTEVTPENLDSFLGVRRFDYGLAEEHDQVGQVTGLAWTEVGGELLTIETAVIPGKGKHSSTGKLGEVMKESIEAAMTVVRSRAEILGIANEVFQTNDIHIHVPEGATPKDGPSAGIGMCTAIISALTKIPVRANVAMTGEITLRGEVLPIGGLKEKLLAAHRGGITTVLIPADNAKDLAEIPENIKQNLDIKPVHWIDEVLAVALQSLPTPTVKNEADDKAKAELDSVKIKNQGLTAH,810,,,,81.pt,,
>act_sludge_ORF2_SRR10914239_k141_55033_flag1_multi57_len5851,MHGHLSDEHVGRHTVENIVHRAGSHAEGGLSNGGREETVVLRARRQGLEVDRNHHLVLGRVKRTIVDNILEGAVRITRTILSGLEANDRLPAVGDERRLVNQGTDSHTLTSGHHVELSSRRAVHLSDANSQVLRVDISAEHIQGLRSRQVGVLNTQVLVEDALATSLLVNGSASSGIDIGVADGPRQPVGHDVVLHRERRLVHRGNHNVELLGGSLKGHEGSRVELTLLLDELVSNLGGGLVDGRDTLRVGVLNRDVDGTDSGGPDSVARINVGGRVNLSTINKGGTAGRDCLEVNRDGVPAGLRVGIQRTREDGVTGSVLGDLGDQSLQIVLTGISSNELNNNGLVLVGVDGSVLSVGALVVSVLDEDGEGARGRRRALVTHEVRDGGEGSAGSVLVESVVGRDVDNTALDISDGSTGGGVHKLGQIVGVDTQTKSSLVELDNLSGANLLNNTSDESLHLRVGLEHISGLTSQVDEHTSGGKGGVGVQNGIDNSGHGGTVGVGRIRRNSLNHGLTEGRDAKDGVVTVGTILVNGDDGTSAHLLLQTSQGEGGEVGVHLSRVDTTSFLTNSHRDRAGGIGHGTIDRGTNRSITIVVKDNTETKVGHEGLVGSLSRSGGNEDREDIVIQQGLAGISGVRSGAITLSGEDDEQVASTISPARVLSTGGTLDGQSGLHSSGAGEGHLVHQSLQTVHVGGDGQTENGHVDVAVSVGLSSGGIGTRTIGSERHGGVDVVGSEEVGDFSELTLHSLELRVVGAAAREHDLHIPGRVETVGHINLQFNGEGLSVGTQDNSGINRGDRVTISLSDTTGDSIEGEGPGRAQGTIDGTSGATQAASTSGTAPTTLRVGSASVTVQDRSARVGDGLTADLVVNASNDTEDIELSTDVTRTNTNLNVGRGADGHTPLGLASGGLQISDDKTRNSGGVGIDGDRVGVGDGHGAGGTNRSEITDNRHRSTGGVGQSDGVGNGSVGGISDDVQVLRVLDEGDTRARGLEITDISQERVLELPGVGLGESGGGGDNLGVNVTIDGEVVAVQVVGEVIVHLTRLTGGQGERIQSGTLVAILSGISRVALAAGRVINRVDQAPTSGGTSTAGLTDNTHGGRAVGVTSQTDITNAHLVLSGLSTLVIRDVPLGEATLAALSGDVHKRRSASLGRGLRHGGRKGDGDRGGGIGVEPSTDHVAVTLAHGLVDHGVGAGVLIGINVHVGVVTDIVDGEITEGSTVHGEGRTRSGHNNTRAEGDGGVVARAE,1249,,,,82.pt,,
>marine_ORF30_ERR1719329_k119_273627_flag1_multi8_len2270,TQDAGHAHHARQVRQANLSRRHPLAAPRLLDAQPGRAGSAQAATSLVKRQVIEQGSVKHILRLLFVSQPVVKGLMNKMLLHMTTHSSSLEATLRFLLSSVLQACGAGESPPEIYGCSCSGNLSDGSMAVLQAKRALEALGHVAVHQPKVCHRLLREGFLSECEVQRFLTQQAGEDTGKGKQKMEAVTLCTPFSLLISLLASSIVAKSTALQEQVLQVLNYALQPLTKKETSPAAVTNAASSAGGASAEAGAASTEAGAAASGAEDKDKGAAAGGEAKSSEVAKAPERCYPRVCMQDLTCLTSTLAASGNSTKIMERSTSLLKTLSSDPLNLVACTSHLVAEVKVEAELSRAGLESLMRELQTAQGNDLSNLASLNTNRKHDVRLLRMVKTLRALWPVQDEASSEKSTSQPLADVVRLDDLWDLLCRCLSELEKDSAKPAAAGGSAAAGGHAASAAAGGGAAASNAAAAADDGSAPAAQQLAMSPALQRMQALVEAFLVVKAPDHVKEQAPAALPGAPAHRIAMEVDSAGAAGGAAEGPVSPSARQQASALSTATKEFVSFAEKHRQTLNLFIRQDKALLHSVAYSSLVRFPKLLDFDNKKHFLRSELKKRNAQQRHPNIRINVRREFVFEDSFHQILPRKPEELKGRLTIVFQGEEGVDAGGLTREWYLTLSKQMLNPDKALFIHSSNGLTYQPNPASTIQPDYLKYFKFAGQLVGKALWDEQLLDAHFTQSMYKHMLNQPIEYTDVESIDPEYYR,756,,,,83.pt,,
>estuary_ORF36_SRR7086933_k141_28914_flag1_multi4_len1539,TIVSRTNQHVSLYKHRYHWGFAAWSPYIIMAAAAGIAAYRFDMPMTVRSALYTLLGAHTWGWIGDILDGFSIVMTVGGICTSLGLGSMQIVTGSERLGWIDSGLDEDERTSKQVTVIWVITIVATISVVSGLSVGIKFLSQVGFGLGMLCLFLCLVMEKTNYIFNLTTQTIGVYFQYCIFEIPFWTDAFGQLEPGEGRAIDGNSASSSWMNGWTVFYMAWWTSWGAFVGLFLARISRGRTIRQLAMYSFIAPLVYAFIWFCVFGGIGLRQAREAEELEALGTAVFGNNETFLQPGSQFCYDVPQEDVLDPNTGEVVFTNKLRGITPVCQYDNTDTPQAWFNVMFSFSYPSDDGFGGFGSFMAGLSLIALTIYFVTSSDSGSLIVDHLASNGHEEHHWLQRVFWAFTEGAVASALLVAGGSTALSALQSASIILGLPFNFFLFAMMYSTVKMCAVAEEQGKSGDHHGKLPAPEDTSFKMHLFGGIMNIFEFIVSLGRVHEERIAIGLDKPSMF,512,,,,84.pt,,
>marine_ORF52_ERR3586711_k119_82781_flag1_multi127_len3190,YYYPPAGANPNEMDLQARTADFAIELDYSENITIENITFFGGGFNIRNSENITLKNCDFHYPSTNKFVLEKFQWFAQHNSGENKMSSFYNGKDNKIINCEFAYNNAPIYFGGDNVLVENCDFHNSEWDMNSNGGSGSVMIGEAGIFRYNTIFLSGNSEGLRLTETNATAEYNHLFDMGNLQHDGAGINVGTRSQYGSRVSHNWVHDCNRQGIRFDYNGTNILREDGEVYGDGVYMNNVTWNTQPNQVKGDRHLILNNTIVNCNTFPIPEEERMNMSIQGYQSMHGIDSNESSLTRNNIANMTHRGWNLDGGSVSAYQIPGVVDHNNKEPGVAYKYLNNPEIYDFRPKKDSPLVDAGKVVQAEEIKSPVANFSSISYVGDAPDIGAYEYGDSHYWIPGRREEQATYPIPAHEATQIEAQQDLLFRNAYLSTSTEVYFGTEKQAVTEATSSSEALLTTLAGNANIIKLSDYLVTLEQNTTYYWRVDVITPTGTIKGNIWEFTTTTSTSWLGTTNTDWATNSNWDLGVPESSSNAFIPSGLSNYPVVSEITAAVVNNLTVENTASLSIENGGSLIVNGASIGNISYNRTIAYSAENASGWYLVASPTVGETYDDSWIATHDIVSGTGNNRGIGTYNAQTDDWTYYQAGTASSPFTSGIGYSIKRGTTSGSITFTGGINTADVSASVISGGNGFNLIGNPYPAYINSSSFLTNNTDLLVSETIWLWNSATNNYDTKVTIDDFIVSPGQGFFVQANSDTDLNFSHANQLNNPDFIVSPGDGFFVKANRDTDLNFSHANQLNNADTFQKSTKTEVKLQISDGTNNRYAKIYYVNNATTGFDNGYDGEAFGGIPNTFDIYTHLLSNNEGKKYQIQSLPNKDFETLVVPISIQTEAGREITFTSEISNLPEDIKVFLEDRQENTFTRLDNPNGNYKITQTSSANEVGRFHLHTSQNALNISTALLNKTAIYKINNSSLRIVGLRKEKVAVKLFNILGKQVLNTSFEGNGTNDIALPKNLNKGVYIVQLETVSEILNKKIVIE,1034,,,,85.pt,,
>freshwater_ORF1_SRR5249014_k141_164456_flag1_multi10_len2284,MMGDGTTNTSQQQSNQQQANQVGWQQQQYPAYYNYPTNPGQSYSPYPYQVPHGQMTYYPYAYGYPTPMQGQWMGQGTWNGAGYQMPPVTSSSGNAAAPPPLPSLPPPPPPPPPPPTLSTSFEPPPPGSIKFTIPSKGSNKLQKVKQENKAPGTIQIPQYPTSPQVATSSGQQNIQNKSPEQTFSQAKGSGMPVDWPESLRRYVERCFAMCQSSVDKDFVELILKGKITSASREGKALSKDWDNEPLPNLSRVENVVPTSGIASSLKAGTSGFNVSPMKNGVNILGSTTGGASAFRMQPNSGQDNSPFKTAPSSIGISAVKPVTDTFKNGAASNSSNNSYKTGASILGISALKTSVGTKQNQISFQLKGQRKALYGTALRKSSSSSSTSSSRSRSRSPVGRQRSSSRSRSRSRSRSPSRSRLSPTSRSSPAKKLTKSQQKKLKKKNQNQKKSLGAAGKGGLGLGSVNRTVLGANWTSPDKLRKRQARFQVPKKTRLTTLGDSSLYREDVTGEEDWSNLLIVGTCCEVEKPFFRLTAAPDPSTVRPVPILKKALYKVKTSWVANPDYRSCCDQMKSIRQDLTVQGIRDSFTVEVYETHARLALEAADHEEFNQCQTQLKALHHELGGKNLLEFTAYRILYYIFTKSTMDLNTTMASLTREEKADECVAHALEVRSSWALANFRRFFRLYNHAPRMSAHLMSWFADRERKLALKTLIKAY,717,,,,86.pt,,
>compost_ORF27_SRR8272554_k141_180809_flag1_multi6_len2133,MQWHLLNALPFGEGVISGSCDMSRYLEPGEGFRASFFRPWLAAPGSMSDALLGDQSEEQCEALSVCVAERAGAELAVQLQGVLEAERARDRAVLGRGLRHQQADEVIGEQVDPEFLLDHGGRQAAQHVHAERRLDRAQIELHMPAGAIELIELALGHRTRVRQTRHEHAVTCAHFAHADLRRIGAIPLTAHPARHVRGFDPLNAVIACAQALAAPKVRDPRAVLFEHEIHPHREQVGDEPVVRVQRVGEQHIAGVEAREQRSRQIQLTVAATLMRPAGGPEHCTAREADDTREPRQRETHPRRLARRLRIEGLVLGRIRHRETGAVEQLHAPTAPAPALQSPLVQLPATLEREGLDHRDRQARPGAAIGPRAHALRRETLGRAACRPGVHRALTRSVRGERLTHEHRERHCGGIEPLAMLGQQRFGELEKLGPGQHVEEIQRRARIDASPQPNTLLLTIKGTTTMRQGWPRVWVGCPCGNDHLTHPKPAFSFLFNRLDAPLRCQWLK,507,,,,87.pt,,
>marine_ORF13_ERR1712224_k119_767343_flag1_multi6_len1558,MGTDIYLPNTKRKYFTSLFHRWENFFLDLVENRRKIIVRSKLIGKIGEITDACFFTLDSSSSIYSDKNIKSPNYVAIASNSNDIHLFDVAKLNCTQILRGHQGIIVCVDTWRNVSGSHSILVSGATDNTIRVWDLNIGICLYIGKGHITTVTAVAFAKKNNLFVVTGSFDGSLKIWDLTGFYESGKSRITSYNMPESLHISFAHFAHRRTINCIAVSPDGSLVATGSQDKTACIWSLPSLVLAMKLQGHRKGIIDLKFSPLDKVIATSSNDQTICLWSVCSGLCLRSFHVNTATALRLRFLTNASEIVSSDTNGIIKIWTTEKNDFVYSRRAHDSKVWALSSSGPLDDEKLLVTGGSDSRLIIWQRDEILEKQKSTYYLKNTFQQQKIDKSIMRHDFVSAARLSIQLREPHQFLKVIKKILKNKTASQELNQLILGLDKEDIHNVLVYCKTWNMRLQHSYAAQTFLCFFLKLVKVHQIKEIREITKLINSLIFSTEHYIHRIDRILKI,508,,,,88.pt,,
>food_production_ORF1_SRR8608015_k79_13441_flag1_multi70_len1710,MDSNKSANDDLFGANHVLGSNPLVKLLGGKDTKLKSRLLEGDSLLVGVLGNLGGSVVTNLGVKGGDKHEGLLHELLNSLLVGNNTLNTVDAERLGTISNQADRRKQVGNHNRLENVKLKLARGTSKSDGGVVTENLGTEHGQGLVLSGVNLTGHDRRTGLVLGEVELAVSTSGTGAKVSNVVGNLEKRDSNSVKGTRGLNNGIVGSKSLELVGGGVELLASDLSDSVSNGLVETNSGVKTSTDSGTTLSKESQARKSVLNTLNAVGNLSSVTRELLAEGQGSGILQVGSTNLDDGAELLGLVINSLVESLKGGDQLVGDLENSRNVHDSGESVVRRLGHVDVVVGVNRLLGTKLAAKQLNCTVGNDLVRVHVRLGTGTGLENNKGEVVSELALEDLSGSGLDSLTNLGVKTVGHVDGGSGLLQDTKSLDQGLGETLTGTTNVKVLEGTLGLSTPVLGVVDLNLTKGIGLDSLAKSKSRDRKLSSSSKAHRLRRGGDSSQHCEI,503,,,,89.pt,,
>compost_ORF112_SRR8272554_k141_338933_flag1_multi8_len9754,MDKQRIVRQKRTHHMPDDPAGAPGANGIHCQGSVRSDQHRPRSESGSGPWPVMQCRPHLEKDTLMAYSYPMKNRLSSLLFLLFLCLIGAGCAVRQPAPVADIRMLPQDAGIYLTHVKGPVMDPDRQAAYFKQFKNRFFKPWYRSSPRHSAHLVFSGLKKYRLKRLYGENNRPLSPDFLDTMARQTQPGTYPLLHQPAITVTHASIRVFPTHKPVFFGPLHPGRGFPFDMMQNSLVPAGTPVLVTHESADRQWALVETDWVAGWVRYQEIAAVDEAFMADYSAHPLAGFTADQIPVIPEDSPPVFSGRVGMALPMKEPASGIGFATVLVPARTHLGNAERLEARVPAHGIQQLPFPASVNNFAEILNALMGQTYGWGGLYENRDCSALIQDVFAGFGLPLPRNSKDQADFGENISLKGLSGPEKQDLIRTQGVPLQTLLYMPGHIMLYLGVDSASDQPLICHAMWGITTRPPLSTHSGRLVVGRTVITTLAPGKEQYPLVQPQDLLVEKLTRMVLLN,516,,,,90.pt,,
>leaf_litter_ORF28_SRR9016283_k141_51754_flag1_multi17_len2143,MIIMKVLAVICAFSALLAQASASMTPLFERHTAPTGWVKTAPAAPNAKVHFHVAIQQENLDVLEKTFWEVSNPDSDNFQNFMTTDEIQALVAPMPEKRDVVFKWLKEHGVTKYDDFVDSVEGWVSVAQAEKMFGAKFYEFKNVETGKKLVKAFGQVSIDSKVHDVIDAVHSISEFPMPRYTNRKKAPKGMMKDPIENDAVIPQTIWNMYSMPTDIPSGKSSIGQGVAEWEGEMFSPDDLKAYGKSVGIDIPAVDPSRIIGQNDPSQPGDESTLDIQFIGGVNPAGTNWFWIEGDDVWLYGFAVHFMNTTAVPDVVSISYGWWEGDQCEDGIGGAECQKYGVDTVGYVNRVNTEFQKMGARGISVFVSSGDSGCHTRSDGGCEQPHTLADFPASSPYVTSVGGTEVTDPETFFDASVAPVCGDKTLNYTCIKSGTEVAVDVTRSFFTSGGGFSNISKALPFAADVVSAYLKSGTTMPPASYFNRTGRAYPDVAAIGHNGYILDGGAAELIGGTSQSSPTFAAVAAYLADAFKTKTGKSFGYMNQILYAAYKADPTTFQDVVTGDNICTEDGCAPTCVGFTCTKGWDPVTGLGTPNYAQMLKYINSVADKVNARRSSKMYNKA,621,,,,91.pt,,
>hypersaline_lake_ORF51_SRR6201554_k141_217241_flag1_multi6_len3476,ASTRPRSVPPLTLTLHRALPVKQPRRLPVQHLSKLTHQLMVQRHQTPLRRPQRHQRRTRVHHQLERHTLRRPRSVRPRLGLHDLTHTSQRRTAAPVQTRRLQENRQMTLLQRLPADRHQTIHQHLRITPRVIHTTLHEHRLVALEQMPVLLIHTREQHRVSSTRYVLHRQNRHLLPRAPTVPRHDRPAALHQHRHQHPPVLHHRLQRLHRHLREHTRPRPPLLQRMTRDVKTKRVLLLLEQLALAPRRHRHQRHLRAYVPSLLLSTLVATETEQLALTRSTVLRDLLTSRHRRLDRRHHRRTTLTTVHAVKRASLHQRLDRRLVARRARHTLAEIKQARKRLRAAPARNPISPAALTLTYDRLDRLAARALDRLQTKPHVTVPRRPRLAGLVHHHEVRARLVHVRRPHLHALPHHRRHPTPILLLRIHEPRPPAVLQILDPFAHRLRLRLHRQKRRHVVVREVRLQVRRLVRHDRVPRRVALVETVPRELQNQIEQRLRPVLTQTTLSRAPDELIPVRVDHLLLLLADRLDQRVRLTQRDAAQLVHHLHHLLLVHHDAVRLANQRINNRVHTRHLRTPVLPLVVIRNQIHRPGPVQRVRRDQVPKPVGLHLRQKPTHPRRLKLKHPRRIPPTEHLEHRLVLEPDPVQIQRIVATLAHRLRVIRRTPHRRVDLTLRQALTDQRLCPLDHRQRPQAQEVHLQQTHLLARRPVPLRDHLVLSRVRRLVQGADLVQRLRRHDHTRRVHARVPGLPLQRPRRVDHTTRRMIALVHPPEVRVLLQRLVERDLQLVGHHLRQLVRLGQRHLHHPSHVTDRSLRPKRPERDDLRHIPVLLAHVVDHLGPPELAQVDIDIRVLRPVRVREPLEQQPIIHRARVAQTQHVPRHRPHTRTTRQGRDAPLPTPVHEVPHDQEVRADQLVSQDLQLAVQPRPAPLVHRRIIRSLHAVVPRSQHPRPVPPHHPRLRQLAQRPVAHRLQLVLARRIALLIERQQLVLRAKRLVPSRKITRKRRVVVPRQLPRLRHHHTHHRRMIRPDRQLHVAPVGDRHRVVQRFDARLAVPLVVVLRTAEDVPHLLGALHVQLGRVPHPPRVALQLPRADADERVVRVVILRQQKVTVVVAHQGQVELPRQPDQVRVDRDLLGHMMLQFHEEPRPLLRRREH,1158,,,,92.pt,,
>marine_ORF93_ERR1712000_k119_63195_flag1_multi36_len4281,MAQRYVPLQSGDSKKSRIKQIASGRFGVTSNYLANADVLQIKMAQGAKPGEGGELPGYKVIGDIARIRHSTPGVGLISPPPHHDIYSIEDLAQLIHDLKNANPGAVVSVKLVSEAGVGVVAAGVAKAKADHIVISGGDGGTGASAWTGIKHAGLPWELGLAETQQALVMSDMRSRVVLQTDGQMKTGRDVAVAFLLGAEECGFSTAPLIAMGCIMMRKCHLNTCPVGIATQDPELRKKFTGTPEQVVNYFFMVAEEVRSIMSELGFRSVDEMIGRADMLERLNAMESVNSKAAQLDMTPILTPSRSLHPTAGLRQVMSQDHGLDKALDLTLIAKAAAAIDHQAPVSIGPLPVQQINRTIGAMLSHEISKRYGEAGLPPNTVTVHLKGTAGQSVGAFLAKGVHIDLEGEANDYAGKGLSGGVLSVRPHSNSAPEFIPENNIIVGNVALYGATSGSAYFRGQGGERFAVRNSGASACVEGIGSHGCEYMTGGRVVVLGSVGANFAAGMSGGVAYILDSAANLKSRVNMEMVSLDGIADEEEANTVKRIVTEHYKLTGSSVAARALENWPATVKSFTRVMPNDYRRVLEEQAALARGEALKKSAKPVALKDNARAFMDMVRQAPSKRSATERLGDWEDIYPAHAPEEETVKQASRCMDCGTPFCHIPHKGGGCPINNLIPEWNKLVKQEKWQEAYESLSRTNNFPEFTGRVCPAPCEQACVANLATDAVAIKSVEYAIIDKAFESGWVQPTIPPKRTGLRVSVVGSGPAGLSAAEELNKLGHTVTVYERANRIGGLLMYGIPNMKLPKEIVDRRVAVMAASGINFVTGAEIGVNVSASALRDNSDAILLATGATKPRDIPVEGRNLKGVVFASEFLNPNTRRLIEEGPDALQGSSSGNFISAKNKRVVVIGGGDTGCDAIGTSLRHGCTNVVNFELMNQPPASRRENNPWPEWGQVYRVDYGHEEAKEKFGADPRRYHVLTKGFVNDGAGSVSGVKVVEVEWVQSKDGMKMQEVAGSESVVPADLVVLAMGYVGPEQALLQELEVATDGRSNVDAPYGSFTTESDGIFAAGDCRRGQSLVVWAINEGRLAAQNMHQYLLSANIKEQRDAPRMMEK,1112,,,,93.pt,,
>marine_ORF6_ERR1719305_k119_164533_flag1_multi6_len1560,WCGAPSRGWWPRGPRSCSRMVRAVREERSRREEEGDTVEANFQVAIRVRPPLERERSVVGFQEVAVVEERTRLMLQEIVADPAGSASPSLCTNHVFTFDQVYGPEDAQVDVYARTARPAVQSCVDGYNATILAYGQTGTGKTYTMTGDPARRYDENRGIVPRCMEEIFQCIERCPNRHDRFLVRAAYLQIYNEQLSDLLKPSSSVALSIREDRERGVYVQSLSEWIVRSPAEVATLMERGNAARRTAHTTLNDVSSRSHSVFIVVVEHAEEDEHGQEMVRVGKLNLVDLAGSERVRLTGAKGVRLEESKKINQSLSALGNVIAALTDNRGRAHIPYRDSKLTRLLEDSLGGNCKTTMIAMVSPALEAFGESLSTLRFAHRAKQIRNHAHVNADVDATTLLRRYEAELAKLRAELRSATARREDVVDKRQLLEVDAQRRRAEQDKAMALSALEERERDFSREKEAVRRLEERIRRMSADMLQPAEGADAEERRTGLESSKLEEQRLGIEEEKLQVDRYKQ,519,,,,94.pt,,
>freshwater_ORF9_SRR6049218_k141_63230_flag1_multi4_len1754,CYIQLSHIHTIIISSEQSATPFQRAMNPRYMQGHYYPTTANANANVKDTHNSTTVQQHKWVCDSCNVCVFSTYEDAKRHEAVCRCRQHSPSAAIRSGVSMSASASSRAPAPSSLSYSMTTMDNSRNDGGDGGGGGADIMTSALTDVFIPDSRGRWACKHCCSIPLRFRAPGATLSSSTPITQEHIERHLEVCAGKSFYSATVFNSTSSTASASPNVTDVSSATSKSTVTATPNANSAASVSVEEVAGQRPTMIQQSQSSPSVQSMSVHSHSHYTSTPAVPHPGPYRSYPLPGAASCDTSNLSNRHHHAAYYTSPYYPSPSEYLKINSAVRASMVSQTRAPPIQHALYNPTIHTLNRGMAPNTNANLVAPFSYFKLDQIPTPVDSLVFHEDKIILTDYFYYLMMQFRPCKFMESDRMAKGRKRDNIPVGFAGVQCRHCVGRMDGRKFFWSNVDRLANSFTEIPGHLLKCRKCPSDVRDIVVELKKKHLEQMARLPRGSQKVFFRRMWRRLHDNDNTIGTINTSFTSSSASLIPNSSLSNKKGPDNDQENDKDKRILLSVPGDRDWLSDLDCFVRRNLEVFIATEA,584,,,,95.pt,,
>lake_water_ORF6_SRR5833978_k141_73490_flag1_multi4_len2102,DHMSTADISQVNVNPPSYVKNNQLIQWVAEIAALTQPDKVHWCDGSQAEYDSLCELLVKAGVFKRLNPAKRKNSFLALSDPDDVARVEDRTFICSNKKEDAGPTNNWVEPQEMRATLNPLFEGCMRGRTMYVVPFSMGPIGSPIAHIGVEVSDSPYVAINMRIMTRMGKAVIDQLGSNGEFVPCVHSVGKPLAAGEKDLAWPNNKTKYIVHYPETREIWSFGSGYGGNALLGKKCFALRIASNMGRDQGWLAEHMLILGVTSPEGKKFHIAAAFPSACGKTNFSMMIPPKGFEGWKVTTVGDDIAWIKPRKDANGKTRLYAINPESGYFGVAPGTNRQTNANCLDSLNQDVIFTNVGLTDDGDVWWEGLTETPPAHLIDWQGKDWTPADGAAGRKAAHPNSRFTVAATNNPVVDPKWDDPEGVPIDAFLFGGRRSNTVPLVSEARDWVEGVYMAATLGSETTAAITGQVGVVRRDPFAMIAFAGYNMSDYFRHWLNIGKKLEADGATLPKIYCVNWFRKDENGKFVWPGFGENMRVLSWILGRVEGKANGTETPFGISPKHSDLHWSGLEYSAAQFEKAIAVGTEDWKNELKLHSELFAHLGERLPKELLATQAKIEERLSA,622,,,,96.pt,,
>hypersaline_lake_ORF70_SRR6201556_k141_549431_flag1_multi12_len5483,MPLTWTFPSFTDCPGHLMKLDAPFIRLPYRFDADAVGAEIDALPETLWKPHPRAWEGHEVVALVSADGESDLARFEGEMQETEALDKLPSIRNLLAALDTVVGRTMLVRAAAGKEAPRLVDAGSYWHRRVRVVLPIQSDTSVTWTVGQDSPQSIPAGQAWMVDGWQGYQHANPSDQALVYLVVDTVGSAAFWSTVNSADRPLEPERECSMSPRQVRLGSQPRPLETEVIHTPRVMTPWEMESLVNGVMQDLRSVVPADAPHLPKLESALSQFMRQWQGVHARHGENEAGDVAYKQALEQLVAQAAMFAGVWKLPSGLDAAELLYQTVVLGALKDSEGKPVVILPPGARERQAQVARQRELQARQARSQAPAHSGNGGEQTAAPSAVEGQPQRAPAAMQATGPEQAATAQPPRSPQTPAQPGQENAQDPANSPLRSVHTKSLPELLRQAAASVLVSTYQAGKLVILREDQGKLNTHFRIYNRPMGMACDRSRLALGTAMTVEHYRNMPEVAAKLNPPGRHDSAFMPRRGHVTGNIDIHEMAFVGNELWFVNTRFSCLCTLDEEHSFVPRWRPWFVSGYAAEDRCHLNGLEVVDGKPKYVTALGTTDTAGGWRENKAGGGVLIDVENNEFICRGLSMPHSPRWYQDKLWVLESGNGSLATVDLDSGQLETVAELPGFTRGLDFIGPYAFVGLSQVRESAVFSGISLTERVSERNCGVWVVDIRSGQTVAFLKFEDAVQEVFAVSVLQGIRFPDVLAAGDPAVGMSYALPDEALKEVVQPQPASSPAAGNGASPPTRPGAGNSGPSYGSS,807,,,,97.pt,,
>marine_ORF29_SRR8787025_k119_149343_flag1_multi12_len1952,DSLLQELQMLHELLIALRGHPGYIYSDQDQKLRVNSSLTFLHPCEVSILDSLLELGTDYRTVSQYISSMRSGGMYLAAVCEGLDMVLAEYRDTLTRLEKEMMYEGDSLPLSLVQHQLSPHRPVLRYLVKLVTGLGRERPAGVMILDRVYKATTTGVAAVGAGLRLVLAEGHKVLYKQLVAWLLQGQLYDPHQEFFIVRQDGDESLLVEDNDTVTKSRSGCYRLEHKMVPSHISHQLAEKIFFIGESIQLFESDKRAEVQGDVLRQREAEMYQALAQLRDQEEFEVGEFSKFVDSVRESVSSHLHKLVVEEADLLGELNMVWDVFTMSRGELFHAFIQQTDSKLSLPPSLSSQHDTNQAWQAAVITHSHIEDSLTGRVRMVVGRETGRSGWDQLSVQYAVPWPLHLIVTPSALEQYNNILAFLLLVRRAQAALHNLWADIIFADRRERRRREERELEEDRKVDTVSQTRQHMIFLVDNLQYYLMADVLDTQIAGLKVKLAKTNNFEDVKTFHDQFLTKVQASLFLFNEPVHKCLEDVMSVCLKFCASSSSSSQAALGSAFSRHSFLLLKLLSSLRHGVAPSSLAQLLTRLDYNRYFSRQERQDTSLRQ,607,,,,98.pt,,
>marine_ORF40_ERR1719482_k119_511341_flag1_multi9_len2934,MQSVGHKHSFTQRGVLGAAAGCRPPRCLCLRKSCFVHILMEDMSSDDPTAQSMPLGSIFIAIAIIVWTSVAIWLCYSGPPGNDCTDDDCDSQMFDGAICNLSESLISKVAQSFDGKWLLDGKDKKLLGSELNALDLFKLEELLSPSRSDSKVHATGSSFKKTGAIAKDMRLPPGCERQGLLNKVGTSSVAKGLLNKVPTTGGVKDSNGHLASGLSGLSLGGDKDCSFLDDDVVGDRHDWTSFREQLRDKLAQSLSNGARKATDSLDLGPVDFLKQLLHPPSSGQRGDDKPASSSMPSAKVRSRLLDGIDYDDKEVNARPTTMLSMAEHAREVGNKHLQDRHFAAATHCYEVACLLYPASVSNGNGISSGAGTCANGQHTGGGNPGQLAAYHCNCALACLELGRYGDAINEGNAALVLTPPKHLAVKALYRLAVAHANLKNPFEARRCLKKCLELDPLNEYVKAFLSRLGDEEASGPGLERQLKWIDPQKRVQCLGAVAREKAKGKKAKQCTSSSLAGSSVSGGAAGSGKDAGSATNGVNGCGPSQVRLDREASLWHSMAHHNNKLYILGGWSDGVAAPPSDAASGSMASGKADVTNSHCHPEAHGSDELHVFDVETFELRQLSGPNSKPPHPCYCHTATMVGSNMVVFGGCGPPLDQPAVVMIFDVQQAKWRVPSTAGVLPRQRQGHSANAVQGDRHLCIFGGIEPTEQNRVARVYNDVHLLDLQSYVWRKLDMGGHRPPVRFGHAASNLPGSSGKLLIVGGRDHLGGSTGPSVSGGFTGLQILDTERRVWTQQPCSGTPPLQAFYHSACVLDDSTILFLTSGSSGNDGLNGRATMPLHLLDLEAWNWSCLHASGPAPAPHIGHTAALVGSRVYVYGGVVMRGGQPIADKAVYVLDAAQTRPVADDAPEREAPHAVLTSPKVPERLNGMHVGSNPTSGKGEKAKGEKVKGDATKATAATPSTSVTQAVNSTEKPTA,976,,,,99.pt,,
>freshwater_ORF60_SRR5204420_k141_143830_flag1_multi7_len2870,MERRHENPSSPSKGMSKRSHRAGMDRFPSSTDAPRQIGLLCLLALALAAQVASAQDIVAGTGRDCSSDADCQYDKCNSAVQTSGHARATKCGFGNTNICERYSTYGGCSGHQYVYARKCVVSIPSLSSYDFMCPPPACAAGTWSAEGTNGTGTLACQGCTAAPGNFCPAGSKSAAGVPCTAGFFCAGGAADRRGCTAAPGTYCPERSTSDESVPCPVGFSCAGGDQNSTLCPPGTYSENTGASSCSGSECQAGSYGPAGSASSEEATCTSCPAGTGTPEQLPGAWWKDVGTERPTTGIRLNGNGQPCTTDAECDRDNLLTSYLLQRGTRQKGTFVEITAAELAQLIITQTQYMGYPAGFNYTNFMGGNRVNGRYYKVVRIFATSCRDCPPGTASPGGVCVDCGAGKYAETPRQVECTACRAGTYVPRGIQRPTYCYGCQPGTYSKSGSTQCLPCPVGTYASYSESPACTLCPDGHSTASGSSSASYRCQTCPAGTYSANYGSTTCTSCPAGRVCRLCPRGKYSPTSGSMNCTACPAGLVSIQGSTKCARMRCYTSDSDEMQCQDGVQSCVTVVEIAPSGRNHSAGRFVNENAHKCGTSLVFAVEDSGQYSLQGGMGLGPASPMCDPDICEVVVEEVPYGPSWAGQGMKAHLIPFGPHPHRQTGHSDPRTVDPIWQFDKHGMQQPGQVFYNPEKYSPPKCVPKNTATCINNFKDARVSGQMSYGNASDVCEATPGCTWDPVDGQSIPYYLHSMSHYMRYMYGYMNYMNYGSCQASNPKVYGTDKVMLVNASAMCVDAALTEDTGIVCDGPGFKITSTGRFAYECCDGDLCNKLNTESLQTKLQEALPSAKYCATTGMQCAQPFAQLYQCMLTSLPNIKLQDECFGAFLPTLGCLSDMCKEGVEDPQKLDYASPGCALDKIADRMCDPLCMTPMSAMDGGDCL,941,,,,100.pt,,
